指标名称,库存量:商业原油:全美,OPEC:一揽子原油价格:周:平均值:结束日5
1982-08-20,338764,
1982-08-27,336138,
1982-09-24,335586,
1982-10-01,334786,
1982-10-08,335260,
1982-10-15,326979,
1982-10-22,334370,
1982-10-29,333067,
1982-11-05,331057,
1982-11-12,323448,
1982-11-19,331264,
1982-11-26,325639,
1982-12-03,332447,
1982-12-10,337943,
1982-12-17,338912,
1982-12-24,335061,
1982-12-31,330150,
1983-01-07,326701,
1983-01-14,339028,
1983-01-21,334178,
1983-01-28,339617,
1983-02-04,332527,
1983-02-11,338719,
1983-02-18,342040,
1983-02-25,349452,
1983-03-04,339216,
1983-03-11,341753,
1983-03-18,335901,
1983-03-25,337155,
1983-04-01,331215,
1983-04-08,335263,
1983-04-15,340539,
1983-04-29,342707,
1983-05-13,342703,
1983-05-20,345545,
1983-06-03,334607,
1983-06-10,333407,
1983-06-17,332713,
1983-06-24,331611,
1983-07-01,333387,
1983-07-08,326776,
1983-07-15,324265,
1983-07-22,323643,
1983-07-29,326267,
1983-08-05,322642,
1983-08-12,314861,
1983-08-19,320879,
1983-08-26,325015,
1983-09-02,328895,
1983-09-09,326370,
1983-09-16,328092,
1983-09-23,328203,
1983-09-30,329028,
1983-10-07,331723,
1983-10-14,334292,
1983-10-21,331681,
1983-10-28,324210,
1983-11-04,335837,
1983-11-11,339341,
1983-11-18,334859,
1983-11-25,330704,
1983-12-02,326264,
1983-12-09,332192,
1983-12-16,330911,
1983-12-23,326469,
1983-12-30,327028,
1984-01-06,328070,
1984-01-13,331804,
1984-01-20,327811,
1984-01-27,324301,
1984-02-03,320842,
1984-02-10,320037,
1984-02-17,322097,
1984-02-24,317999,
1984-03-02,317746,
1984-03-09,313132,
1984-03-16,312445,
1984-03-23,309072,
1984-03-30,310506,
1984-04-06,320689,
1984-04-13,324087,
1984-04-20,323505,
1984-04-27,319724,
1984-05-04,326633,
1984-05-11,332296,
1984-05-18,340510,
1984-05-25,332465,
1984-06-01,339659,
1984-06-08,342189,
1984-06-15,338234,
1984-06-22,331714,
1984-06-29,335999,
1984-07-06,330378,
1984-07-13,333149,
1984-07-20,339830,
1984-07-27,331607,
1984-08-03,332398,
1984-08-10,333554,
1984-08-17,323344,
1984-08-24,326092,
1984-08-31,321597,
1984-09-07,318672,
1984-09-14,318007,
1984-09-21,306957,
1984-09-28,308426,
1984-10-05,311211,
1984-10-12,318610,
1984-10-19,315273,
1984-10-26,320900,
1984-11-02,314922,
1984-11-09,325115,
1984-11-16,334201,
1984-11-23,332639,
1984-11-30,325608,
1984-12-07,322292,
1984-12-14,331783,
1984-12-21,320537,
1984-12-28,322281,
1985-01-04,319923,
1985-01-11,324107,
1985-01-18,326508,
1985-01-25,317918,
1985-02-01,309460,
1985-02-08,305989,
1985-02-15,298076,
1985-02-22,295928,
1985-03-01,298757,
1985-03-08,303198,
1985-03-15,307344,
1985-03-22,310423,
1985-03-29,313149,
1985-04-05,302000,
1985-04-12,304744,
1985-04-19,309715,
1985-04-26,322205,
1985-05-03,330347,
1985-05-10,327605,
1985-05-17,328263,
1985-05-24,333896,
1985-05-31,333399,
1985-06-07,330564,
1985-06-14,331306,
1985-06-21,330077,
1985-06-28,323682,
1985-07-05,320782,
1985-07-12,314931,
1985-07-19,313728,
1985-07-26,307219,
1985-08-02,302128,
1985-08-09,307275,
1985-08-16,304954,
1985-08-23,294068,
1985-08-30,299740,
1985-09-06,294402,
1985-09-13,294828,
1985-09-20,289541,
1985-09-27,291175,
1985-10-04,294662,
1985-10-11,302337,
1985-10-18,294952,
1985-10-25,298122,
1985-11-01,290776,
1985-11-08,290134,
1985-11-15,288284,
1985-11-22,291676,
1985-11-29,294140,
1985-12-06,300376,
1985-12-13,296771,
1985-12-20,300234,
1985-12-27,298551,
1986-01-03,305147,
1986-01-10,299779,
1986-01-17,297979,
1986-01-24,305632,
1986-01-31,302996,
1986-02-07,311382,
1986-02-14,306754,
1986-02-21,300623,
1986-02-28,310183,
1986-03-07,313853,
1986-03-14,312567,
1986-03-21,314941,
1986-03-28,323395,
1986-04-04,316315,
1986-04-11,319613,
1986-04-18,317219,
1986-04-25,311499,
1986-05-02,317285,
1986-05-09,311336,
1986-05-16,303348,
1986-05-23,308590,
1986-05-30,305568,
1986-06-06,310824,
1986-06-13,299249,
1986-06-20,302543,
1986-06-27,303908,
1986-07-04,299341,
1986-07-11,298871,
1986-07-18,307065,
1986-07-25,310051,
1986-08-01,320012,
1986-08-08,312924,
1986-08-15,310871,
1986-08-22,308755,
1986-08-29,310955,
1986-09-05,306246,
1986-09-12,310490,
1986-09-19,307280,
1986-09-26,313278,
1986-10-03,315751,
1986-10-10,313010,
1986-10-17,320001,
1986-10-24,318425,
1986-10-31,327758,
1986-11-07,315272,
1986-11-14,319679,
1986-11-21,318454,
1986-11-28,321037,
1986-12-05,317980,
1986-12-12,321059,
1986-12-19,317982,
1986-12-26,306597,
1987-01-02,307823,
1987-01-09,316926,
1987-01-16,307260,
1987-01-23,304234,
1987-01-30,309455,
1987-02-06,308479,
1987-02-13,307917,
1987-02-20,308205,
1987-02-27,311491,
1987-03-06,310363,
1987-03-13,305895,
1987-03-20,313392,
1987-03-27,308038,
1987-04-03,314031,
1987-04-10,308491,
1987-04-17,299466,
1987-04-24,298167,
1987-05-01,307567,
1987-05-08,302611,
1987-05-15,300278,
1987-05-22,303381,
1987-05-29,299567,
1987-06-05,300954,
1987-06-12,301345,
1987-06-19,301883,
1987-06-26,304454,
1987-07-03,304943,
1987-07-10,302862,
1987-07-17,298706,
1987-07-24,301702,
1987-07-31,307077,
1987-08-07,300958,
1987-08-14,302412,
1987-08-21,309220,
1987-08-28,309451,
1987-09-04,313494,
1987-09-11,312686,
1987-09-18,312588,
1987-09-25,316043,
1987-10-02,314186,
1987-10-09,310961,
1987-10-16,313755,
1987-10-23,316857,
1987-10-30,328896,
1987-11-06,333255,
1987-11-13,335157,
1987-11-20,338198,
1987-11-27,335814,
1987-12-04,337304,
1987-12-11,338654,
1987-12-18,340670,
1987-12-25,339178,
1988-01-01,333655,
1988-01-08,320851,
1988-01-15,320568,
1988-01-22,319760,
1988-01-29,316008,
1988-02-05,317127,
1988-02-12,312386,
1988-02-19,320876,
1988-02-26,324061,
1988-03-04,325274,
1988-03-11,325188,
1988-03-18,328937,
1988-03-25,327289,
1988-04-01,328537,
1988-04-08,333705,
1988-04-15,333296,
1988-04-22,338077,
1988-04-29,335042,
1988-05-06,340335,
1988-05-13,343544,
1988-05-20,345463,
1988-05-27,341208,
1988-06-03,343019,
1988-06-10,340370,
1988-06-17,344567,
1988-06-24,341838,
1988-07-01,342310,
1988-07-08,339783,
1988-07-15,334259,
1988-07-22,330751,
1988-07-29,332365,
1988-08-05,330335,
1988-08-12,327971,
1988-08-19,323205,
1988-08-26,318511,
1988-09-02,313544,
1988-09-09,311683,
1988-09-16,305143,
1988-09-23,300430,
1988-09-30,306036,
1988-10-07,305450,
1988-10-14,310447,
1988-10-21,315085,
1988-10-28,316401,
1988-11-04,322097,
1988-11-11,318675,
1988-11-18,326823,
1988-11-25,322409,
1988-12-02,319749,
1988-12-09,324248,
1988-12-16,318990,
1988-12-23,314765,
1988-12-30,313654,
1989-01-06,305576,
1989-01-13,302665,
1989-01-20,306513,
1989-01-27,307008,
1989-02-03,313945,
1989-02-10,305217,
1989-02-17,306065,
1989-02-24,305255,
1989-03-03,315037,
1989-03-10,313828,
1989-03-17,318360,
1989-03-24,317835,
1989-03-31,307789,
1989-04-07,306513,
1989-04-14,302086,
1989-04-21,312478,
1989-04-28,316567,
1989-05-05,327039,
1989-05-12,328885,
1989-05-19,322400,
1989-05-26,320489,
1989-06-02,324887,
1989-06-09,321641,
1989-06-16,319223,
1989-06-23,322738,
1989-06-30,315455,
1989-07-07,315749,
1989-07-14,313424,
1989-07-21,312422,
1989-07-28,313680,
1989-08-04,313202,
1989-08-11,310165,
1989-08-18,319131,
1989-08-25,318038,
1989-09-01,317963,
1989-09-08,320241,
1989-09-15,309387,
1989-09-22,310542,
1989-09-29,313121,
1989-10-06,318394,
1989-10-13,323920,
1989-10-20,317150,
1989-10-27,322286,
1989-11-03,320398,
1989-11-10,327954,
1989-11-17,327780,
1989-11-24,324125,
1989-12-01,332385,
1989-12-08,323052,
1989-12-15,328006,
1989-12-22,325360,
1989-12-29,324280,
1990-01-05,324222,
1990-01-12,327819,
1990-01-19,326173,
1990-01-26,324123,
1990-02-02,334128,
1990-02-09,329316,
1990-02-16,326869,
1990-02-23,322293,
1990-03-02,325816,
1990-03-09,332142,
1990-03-16,330696,
1990-03-23,339931,
1990-03-30,342865,
1990-04-06,349942,
1990-04-13,350859,
1990-04-20,349299,
1990-04-27,353507,
1990-05-04,353485,
1990-05-11,358198,
1990-05-18,361994,
1990-05-25,362719,
1990-06-01,365618,
1990-06-08,367486,
1990-06-15,367001,
1990-06-22,367704,
1990-06-29,368708,
1990-07-06,365658,
1990-07-13,370201,
1990-07-20,368024,
1990-07-27,372593,
1990-08-03,364848,
1990-08-10,360003,
1990-08-17,360333,
1990-08-24,361957,
1990-08-31,356710,
1990-09-07,359583,
1990-09-14,353936,
1990-09-21,348211,
1990-09-28,338384,
1990-10-05,336271,
1990-10-12,328752,
1990-10-19,325992,
1990-10-26,327234,
1990-11-02,331392,
1990-11-09,333036,
1990-11-16,327293,
1990-11-23,324268,
1990-11-30,326855,
1990-12-07,321412,
1990-12-14,320154,
1990-12-21,321992,
1990-12-28,315920,
1991-01-04,307542,22.26
1991-01-11,308440,
1991-01-18,307051,
1991-01-25,307043,
1991-02-01,310149,
1991-02-08,311359,
1991-02-15,317278,
1991-02-22,316183,
1991-03-01,315962,
1991-03-08,314290,
1991-03-15,320665,
1991-03-22,321538,
1991-03-29,326275,
1991-04-05,321264,
1991-04-12,325762,
1991-04-19,322676,
1991-04-26,328220,
1991-05-03,324141,
1991-05-10,323906,
1991-05-17,329898,
1991-05-24,329325,
1991-05-31,336202,
1991-06-07,337008,
1991-06-14,337807,
1991-06-21,336429,
1991-06-28,333376,
1991-07-05,334579,
1991-07-12,333524,
1991-07-19,331739,
1991-07-26,327970,
1991-08-02,328659,
1991-08-09,330373,
1991-08-16,328440,
1991-08-23,333744,
1991-08-30,335646,
1991-09-06,325886,
1991-09-13,319319,
1991-09-20,319450,
1991-09-27,324157,
1991-10-04,323069,
1991-10-11,326402,
1991-10-18,323942,
1991-10-25,332763,
1991-11-01,326645,
1991-11-08,330460,
1991-11-15,335596,
1991-11-22,329588,
1991-11-29,324131,
1991-12-06,329127,
1991-12-13,323089,
1991-12-20,318937,
1991-12-27,308857,
1992-01-03,314823,18.62
1992-01-10,318314,
1992-01-17,317138,
1992-01-24,322809,
1992-01-31,318393,
1992-02-07,318207,
1992-02-14,316400,
1992-02-21,319575,
1992-02-28,326596,
1992-03-06,332894,
1992-03-13,327449,
1992-03-20,330980,
1992-03-27,325460,
1992-04-03,321859,
1992-04-10,330314,
1992-04-17,333120,
1992-04-24,333922,
1992-05-01,335376,
1992-05-08,334716,
1992-05-15,336011,
1992-05-22,331422,
1992-05-29,328776,
1992-06-05,329598,
1992-06-12,330394,
1992-06-19,324093,
1992-06-26,313189,
1992-07-03,312195,
1992-07-10,314858,
1992-07-17,308493,
1992-07-24,308467,
1992-07-31,314258,
1992-08-07,312486,
1992-08-14,311493,
1992-08-21,316097,
1992-08-28,308645,
1992-09-04,310794,
1992-09-11,310111,
1992-09-18,310947,
1992-09-25,306213,
1992-10-02,309071,
1992-10-09,308292,
1992-10-16,310536,
1992-10-23,311561,
1992-10-30,314967,
1992-11-06,308578,
1992-11-13,301537,
1992-11-20,307093,
1992-11-27,308640,
1992-12-04,307589,
1992-12-11,313161,
1992-12-18,312842,
1992-12-25,301053,
1993-01-01,301973,18.44
1993-01-08,299341,
1993-01-15,307272,
1993-01-22,306106,
1993-01-29,308108,
1993-02-05,311717,
1993-02-12,318408,
1993-02-19,308086,
1993-02-26,315969,
1993-03-05,321897,
1993-03-12,327504,
1993-03-19,314322,
1993-03-26,322220,
1993-04-02,322889,
1993-04-09,334413,
1993-04-16,325153,
1993-04-23,326248,
1993-04-30,328945,
1993-05-07,329635,
1993-05-14,335087,
1993-05-21,338201,
1993-05-28,334383,
1993-06-04,332686,
1993-06-11,324772,
1993-06-18,334025,
1993-06-25,340315,
1993-07-02,331995,
1993-07-09,335417,
1993-07-16,343583,
1993-07-23,338056,
1993-07-30,333639,
1993-08-06,334659,
1993-08-13,330153,
1993-08-20,325426,
1993-08-27,326782,
1993-09-03,320499,
1993-09-10,321821,
1993-09-17,321610,
1993-09-24,312084,
1993-10-01,309991,
1993-10-08,314249,
1993-10-15,309375,
1993-10-22,316800,
1993-10-29,318584,
1993-11-05,315239,
1993-11-12,320250,
1993-11-19,314738,
1993-11-26,316131,
1993-12-03,321509,
1993-12-10,327837,
1993-12-17,330247,
1993-12-24,330079,
1993-12-31,323542,16.33
1994-01-07,316593,
1994-01-14,316399,
1994-01-21,310921,
1994-01-28,314011,
1994-02-04,317837,
1994-02-11,313482,
1994-02-18,316510,
1994-02-25,309328,
1994-03-04,316945,
1994-03-11,311869,
1994-03-18,323772,
1994-03-25,318641,
1994-04-01,318717,
1994-04-08,319232,
1994-04-15,321163,
1994-04-22,321241,
1994-04-29,322151,
1994-05-06,316458,
1994-05-13,315520,
1994-05-20,317174,
1994-05-27,316080,
1994-06-03,311596,
1994-06-10,308787,
1994-06-17,307220,
1994-06-24,310699,
1994-07-01,311642,
1994-07-08,311816,
1994-07-15,314998,
1994-07-22,318255,
1994-07-29,312403,
1994-08-05,309883,
1994-08-12,312998,
1994-08-19,310161,
1994-08-26,307717,
1994-09-02,307532,
1994-09-09,307270,
1994-09-16,308725,
1994-09-23,314620,
1994-09-30,317891,
1994-10-07,316959,
1994-10-14,321399,
1994-10-21,319570,
1994-10-28,328905,
1994-11-04,327917,
1994-11-11,327189,
1994-11-18,324211,
1994-11-25,321739,
1994-12-02,321693,
1994-12-09,320205,
1994-12-16,319550,
1994-12-23,320236,
1994-12-30,312846,15.53
1995-01-06,314560,
1995-01-13,313278,
1995-01-20,306864,
1995-01-27,306583,
1995-02-03,309810,
1995-02-10,303476,
1995-02-17,310839,
1995-02-24,305268,
1995-03-03,308234,
1995-03-10,308719,
1995-03-17,309258,
1995-03-24,313308,
1995-03-31,321069,
1995-04-07,318266,
1995-04-14,319450,
1995-04-21,322472,
1995-04-28,318365,
1995-05-05,316444,
1995-05-12,317267,
1995-05-19,313118,
1995-05-26,310099,
1995-06-02,307943,
1995-06-09,307390,
1995-06-16,306901,
1995-06-23,299434,
1995-06-30,303160,
1995-07-07,301985,
1995-07-14,301968,
1995-07-21,295085,
1995-07-28,298034,
1995-08-04,291165,
1995-08-11,293670,
1995-08-18,286280,
1995-08-25,289233,
1995-09-01,296654,
1995-09-08,292052,
1995-09-15,291145,
1995-09-22,290595,
1995-09-29,285540,
1995-10-06,281156,
1995-10-13,281131,
1995-10-20,283307,
1995-10-27,284831,
1995-11-03,288122,
1995-11-10,286496,
1995-11-17,296105,
1995-11-24,302184,
1995-12-01,299072,
1995-12-08,294812,
1995-12-15,300674,
1995-12-22,294817,
1995-12-29,284591,16.86
1996-01-05,285623,
1996-01-12,288551,
1996-01-19,292829,
1996-01-26,291084,
1996-02-02,288674,
1996-02-09,286440,
1996-02-16,283380,
1996-02-23,283723,
1996-03-01,280448,
1996-03-08,288673,
1996-03-15,283404,
1996-03-22,282187,
1996-03-29,280124,
1996-04-05,282424,
1996-04-12,283823,
1996-04-19,279794,
1996-04-26,279424,
1996-05-03,286604,
1996-05-10,284902,
1996-05-17,280450,
1996-05-24,281578,
1996-05-31,293515,
1996-06-07,291863,
1996-06-14,288853,
1996-06-21,289709,
1996-06-28,296562,
1996-07-05,298222,
1996-07-12,295695,
1996-07-19,291857,
1996-07-26,292972,
1996-08-02,290295,
1996-08-09,289134,
1996-08-16,291014,
1996-08-23,300715,
1996-08-30,295650,
1996-09-06,292562,
1996-09-13,290575,
1996-09-20,291751,
1996-09-27,286638,
1996-10-04,286261,
1996-10-11,282960,
1996-10-18,288701,
1996-10-25,285642,
1996-11-01,295892,
1996-11-08,290762,
1996-11-15,288297,
1996-11-22,283501,
1996-11-29,283728,
1996-12-06,282735,
1996-12-13,279788,
1996-12-20,273685,
1996-12-27,276127,
1997-01-03,267904,20.29
1997-01-10,272956,
1997-01-17,271491,
1997-01-24,274863,
1997-01-31,280898,23.19
1997-02-07,284247,
1997-02-14,288732,
1997-02-21,288568,
1997-02-28,283145,20.48
1997-03-07,288475,
1997-03-14,288585,
1997-03-21,287497,
1997-03-28,293843,
1997-04-04,294041,18.64
1997-04-11,296665,
1997-04-18,298115,
1997-04-25,300941,
1997-05-02,300885,17.46
1997-05-09,307280,
1997-05-16,301845,
1997-05-23,305059,
1997-05-30,309261,18.76
1997-06-06,308845,
1997-06-13,307589,
1997-06-20,307126,
1997-06-27,301399,17.37
1997-07-04,306218,
1997-07-11,303759,
1997-07-18,301774,
1997-07-25,291884,
1997-08-01,291120,17.86
1997-08-08,296258,
1997-08-15,296882,
1997-08-22,291628,
1997-08-29,290026,18.06
1997-09-05,283928,
1997-09-12,287722,
1997-09-19,283839,
1997-09-26,285157,
1997-10-03,289944,18.16
1997-10-10,287772,
1997-10-17,284474,
1997-10-24,289079,
1997-10-31,295098,19.54
1997-11-07,293789,
1997-11-14,299075,
1997-11-21,302849,
1997-11-28,305669,18.84
1997-12-05,300911,
1997-12-12,303451,
1997-12-19,299482,
1997-12-26,296230,
1998-01-02,289764,16.84
1998-01-09,288685,
1998-01-16,299897,
1998-01-23,305583,14.42
1998-01-30,304961,
1998-02-06,304983,
1998-02-13,306685,
1998-02-20,309568,
1998-02-27,307969,13.45
1998-03-06,307194,
1998-03-13,305137,
1998-03-20,311606,
1998-03-27,313200,
1998-04-03,314569,12.41
1998-04-10,319899,
1998-04-17,324906,
1998-04-24,325209,
1998-05-01,327368,12.76
1998-05-08,326705,
1998-05-15,337928,
1998-05-22,334682,
1998-05-29,330394,13.14
1998-06-05,329534,
1998-06-12,326836,
1998-06-19,325182,
1998-06-26,326843,
1998-07-03,324057,11.67
1998-07-10,317425,
1998-07-17,322966,
1998-07-24,326795,
1998-07-31,327478,12.06
1998-08-07,328423,
1998-08-14,327887,
1998-08-21,321012,
1998-08-28,320694,
1998-09-04,312057,11.89
1998-09-11,309675,
1998-09-18,300336,
1998-09-25,303433,
1998-10-02,305893,12.91
1998-10-09,312682,
1998-10-16,316227,
1998-10-23,319964,
1998-10-30,323739,12.41
1998-11-06,322932,
1998-11-13,320397,
1998-11-20,325554,
1998-11-27,319986,
1998-12-04,318465,11.19
1998-12-11,321884,
1998-12-18,323364,
1998-12-25,320706,
1999-01-01,305728,9.69
1999-01-08,308268,
1999-01-15,310975,
1999-01-22,314148,
1999-01-29,316730,10.71
1999-02-05,317131,
1999-02-12,315393,9.96
1999-02-19,318431,
1999-02-26,315274,
1999-03-05,318266,
1999-03-12,321929,
1999-03-19,324736,
1999-03-26,328539,
1999-04-02,326768,12.27
1999-04-09,328885,
1999-04-16,325729,
1999-04-23,322286,
1999-04-30,320145,15
1999-05-07,317539,
1999-05-14,318092,
1999-05-21,315769,
1999-05-28,314722,
1999-06-04,316858,15.48
1999-06-11,318672,
1999-06-18,315949,
1999-06-25,314225,
1999-07-02,314030,15.61
1999-07-09,317718,
1999-07-16,318092,
1999-07-23,312916,
1999-07-30,309516,18.28
1999-08-06,307249,
1999-08-13,305616,
1999-08-20,301091,
1999-08-27,301653,
1999-09-03,297212,19.66
1999-09-10,292930,
1999-09-17,293119,
1999-09-24,288862,
1999-10-01,288395,22.17
1999-10-08,281186,
1999-10-15,284609,
1999-10-22,284878,
1999-10-29,288599,21.67
1999-11-05,288955,
1999-11-12,290755,
1999-11-19,287692,
1999-11-26,283338,
1999-12-03,283063,23.75
1999-12-10,277477,
1999-12-17,276646,
1999-12-24,276345,
1999-12-31,274626,24.77
2000-01-07,277549,
2000-01-14,277464,
2000-01-21,275032,
2000-01-28,266614,24.58
2000-02-04,269982,
2000-02-11,269796,
2000-02-18,269487,
2000-02-25,269816,
2000-03-03,274502,26.84
2000-03-10,274933,
2000-03-17,276572,
2000-03-24,276422,
2000-03-31,277924,26.71
2000-04-07,280771,
2000-04-14,286265,
2000-04-21,291335,
2000-04-28,288071,22.93
2000-05-05,292607,
2000-05-12,292857,
2000-05-19,293806,
2000-05-26,289205,
2000-06-02,285075,26.94
2000-06-09,283639,
2000-06-16,279078,
2000-06-23,279405,
2000-06-30,277611,29.12
2000-07-07,278885,
2000-07-14,278400,
2000-07-21,278674,
2000-07-28,268121,
2000-08-04,269659,27.94
2000-08-11,273059,
2000-08-18,268901,
2000-08-25,270948,
2000-09-01,273691,28.3
2000-09-08,272764,
2000-09-15,270282,
2000-09-22,269781,
2000-09-29,270873,31.48
2000-10-06,271752,
2000-10-13,267235,
2000-10-20,269640,
2000-10-27,268151,
2000-11-03,266594,30.42
2000-11-10,268091,
2000-11-17,274255,
2000-11-24,274177,
2000-12-01,276195,31.22
2000-12-08,272826,
2000-12-15,275859,
2000-12-22,274608,
2000-12-29,272771,24.13
2001-01-05,272072,
2001-01-12,271062,
2001-01-19,269952,24.06
2001-01-26,266382,
2001-02-02,269298,
2001-02-09,272662,
2001-02-16,260782,
2001-02-23,263661,
2001-03-02,260949,25.41
2001-03-09,268920,
2001-03-16,273922,
2001-03-23,285110,
2001-03-30,286795,23.7
2001-04-06,290606,
2001-04-13,296817,
2001-04-20,295392,
2001-04-27,301717,
2001-05-04,302335,24.38
2001-05-11,304811,
2001-05-18,308153,
2001-05-25,306411,
2001-06-01,307913,26.25
2001-06-08,299709,
2001-06-15,298981,
2001-06-22,298973,
2001-06-29,294220,26.1
2001-07-06,291112,
2001-07-13,298133,
2001-07-20,299513,
2001-07-27,298463,
2001-08-03,291804,23.73
2001-08-10,288954,
2001-08-17,284951,
2001-08-24,287648,
2001-08-31,285694,24.46
2001-09-07,286655,
2001-09-14,286029,
2001-09-21,289215,
2001-09-28,290827,24.29
2001-10-05,290699,
2001-10-12,286259,
2001-10-19,289082,
2001-10-26,291538,
2001-11-02,295552,19.64
2001-11-09,295285,
2001-11-16,294065,
2001-11-23,290885,
2001-11-30,295140,17.65
2001-12-07,292803,
2001-12-14,293164,
2001-12-21,295777,
2001-12-28,293607,
2002-01-04,294406,17.53
2002-01-11,295434,
2002-01-18,298183,
2002-01-25,300289,
2002-02-01,302497,18.33
2002-02-08,304998,
2002-02-15,301890,
2002-02-22,299422,
2002-03-01,303756,18.89
2002-03-08,304089,
2002-03-15,306697,
2002-03-22,302253,
2002-03-29,308278,22.64
2002-04-05,308541,
2002-04-12,302876,
2002-04-19,304462,
2002-04-26,309034,
2002-05-03,303358,24.88
2002-05-10,299171,
2002-05-17,303801,
2002-05-24,302265,
2002-05-31,308297,24.76
2002-06-07,307115,
2002-06-14,306632,
2002-06-21,303193,
2002-06-28,304766,23.8
2002-07-05,300361,
2002-07-12,298381,
2002-07-19,294699,
2002-07-26,292722,
2002-08-02,290642,25.13
2002-08-09,283437,
2002-08-16,286290,
2002-08-23,286554,
2002-08-30,281926,25.99
2002-09-06,276874,
2002-09-13,271470,
2002-09-20,268878,
2002-09-27,258896,27.38
2002-10-04,254248,
2002-10-11,263223,
2002-10-18,270000,
2002-10-25,270914,
2002-11-01,274396,27.32
2002-11-08,267506,
2002-11-15,271961,
2002-11-22,268062,
2002-11-29,271138,24.29
2002-12-06,272561,
2002-12-13,270500,
2002-12-20,271215,
2002-12-27,262089,
2003-01-03,262508,29.75666667
2003-01-10,256079,29.724
2003-01-17,257664,30.516
2003-01-24,257156,30.748
2003-01-31,258100,30.316
2003-02-07,253779,30.562
2003-02-14,256837,31.654
2003-02-21,255803,31.804
2003-02-28,257500,32.56
2003-03-07,253212,32.266
2003-03-14,253684,32.358
2003-03-21,257389,27.186
2003-03-28,264122,26.394
2003-04-04,260624,26.232
2003-04-11,260756,25.238
2003-04-18,269727,25.7175
2003-04-25,271549,25.278
2003-05-02,271099,23.664
2003-05-09,268376,24.276
2003-05-16,269040,25.862
2003-05-23,270067,26.53
2003-05-30,272931,26.564
2003-06-06,268240,26.996
2003-06-13,272224,27.416
2003-06-20,268079,26.126
2003-06-27,265963,26.51
2003-07-04,265819,27.28
2003-07-11,262189,27.484
2003-07-18,259850,28.006
2003-07-25,260944,27.352
2003-08-01,264082,27.448
2003-08-08,264262,28.926
2003-08-15,262676,28.608
2003-08-22,262492,28.436
2003-08-29,264253,28.904
2003-09-05,259784,27.208
2003-09-12,262933,26.358
2003-09-19,264423,25.252
2003-09-26,264376,25.606
2003-10-03,269223,27.146
2003-10-10,273020,28.554
2003-10-17,271225,29.564
2003-10-24,274865,28.258
2003-10-31,274914,27.524
2003-11-07,273975,27.518
2003-11-14,276885,28.808
2003-11-21,271996,29.352
2003-11-28,267167,28.252
2003-12-05,261722,28.548
2003-12-12,256598,29.632
2003-12-19,258243,30.454
2003-12-26,254466,29.55333333
2004-01-02,252611,29.635
2004-01-09,247627,30.34
2004-01-16,248839,30.642
2004-01-23,247323,30.786
2004-01-30,255245,29.462
2004-02-06,252192,28.64
2004-02-13,257092,28.934
2004-02-20,257092,30.186
2004-02-27,259092,30.754
2004-03-05,262729,32.184
2004-03-12,264309,32.09
2004-03-19,271841,32.776
2004-03-26,277539,32.328
2004-04-02,276118,31.058
2004-04-09,279266,30.9525
2004-04-16,279474,32.602
2004-04-23,282653,32.514
2004-04-30,282748,33.436
2004-05-07,283676,35.228
2004-05-14,282580,36.466
2004-05-21,282605,37.122
2004-05-28,285384,36.686
2004-06-04,286099,36.282
2004-06-11,286951,34.436
2004-06-18,289366,34.37
2004-06-25,288862,34.26
2004-07-02,288952,33.4
2004-07-09,286780,35.578
2004-07-16,283207,36.028
2004-07-23,284379,36.62
2004-07-30,282564,37.774
2004-08-06,278427,39.376
2004-08-13,277216,40.442
2004-08-20,275516,42.256
2004-08-27,271284,40.444
2004-09-03,269754,38.848
2004-09-10,262742,38.508
2004-09-17,253630,38.866
2004-09-24,257031,41.448
2004-10-01,257912,43.25
2004-10-08,262115,44.322
2004-10-15,263313,45.828
2004-10-22,267257,45.89
2004-10-29,273529,44.654
2004-11-05,275232,41.164
2004-11-12,276047,37.71
2004-11-19,276132,36.254
2004-11-26,276981,38.842
2004-12-03,277522,37.442
2004-12-10,277396,34.218
2004-12-17,279520,35.978
2004-12-24,278661,37.46
2004-12-31,275442,35.654
2005-01-07,273060,37.404
2005-01-14,276461,40.452
2005-01-21,279890,41.522
2005-01-28,279566,42.632
2005-02-04,278156,40.754
2005-02-11,280298,40.326
2005-02-18,280906,42.078
2005-02-25,283301,44.57
2005-03-04,286276,47.234
2005-03-11,288869,49.126
2005-03-18,292966,50.802
2005-03-25,298349,50.5
2005-04-01,301151,49.8
2005-04-08,304805,51.818
2005-04-15,303032,48.198
2005-04-22,308447,48.622
2005-04-29,311127,48.976
2005-05-06,313562,47.614
2005-05-13,317905,46.956
2005-05-20,316218,45.22
2005-05-27,317706,46.446
2005-06-03,314711,49.094
2005-06-10,312928,50.684
2005-06-17,311349,51.38
2005-06-24,312453,52.81
2005-07-01,308884,53.034
2005-07-08,304985,54.374
2005-07-15,304085,53.592
2005-07-22,301840,51.894
2005-07-29,302036,52.99
2005-08-05,304790,55.208
2005-08-12,305031,57.548
2005-08-19,306883,57.938
2005-08-26,305363,58.932
2005-09-02,298938,60.778
2005-09-09,292378,58.352
2005-09-16,292056,56.596
2005-09-23,289644,58.35
2005-09-30,289398,57.692
2005-10-07,290324,55.688
2005-10-14,295879,54.676
2005-10-21,300293,53.722
2005-10-28,303027,53.57
2005-11-04,307436,53.296
2005-11-11,305277,51.784
2005-11-18,305631,49.954
2005-11-25,301443,50.642
2005-12-02,304230,50.418
2005-12-09,305122,53.068
2005-12-16,306422,54.05
2005-12-23,306540,51.586
2005-12-30,305527,52.31
2006-01-06,302584,56.3425
2006-01-13,305325,57.212
2006-01-20,303016,59.13
2006-01-27,304935,60.052
2006-02-03,304523,59.882
2006-02-10,309376,57.7
2006-02-17,310497,54.74
2006-02-24,312135,55.836
2006-03-03,318776,57.358
2006-03-10,323612,56.812
2006-03-17,322302,57.664
2006-03-24,324332,57.086
2006-03-31,326442,59.766
2006-04-07,329594,61.568
2006-04-14,328788,63.47
2006-04-21,328562,66.204
2006-04-28,330289,66.326
2006-05-05,330615,66.734
2006-05-12,330550,65.89
2006-05-19,327552,63.724
2006-05-26,329151,64.09
2006-06-02,330434,65.052
2006-06-09,329454,65.306
2006-06-16,330839,63.478
2006-06-23,327510,63.444
2006-06-30,325089,66.032
2006-07-07,319159,68.312
2006-07-14,319310,69.328
2006-07-21,319340,69.408
2006-07-28,317566,68.598
2006-08-04,316380,70.35
2006-08-11,314773,71.724
2006-08-18,314130,68.132
2006-08-25,316611,67.67
2006-09-01,314507,65.392
2006-09-08,311603,63.144
2006-09-15,308755,59.538
2006-09-22,308646,57.164
2006-09-29,312001,56.33
2006-10-06,314132,55.32
2006-10-13,319152,54.852
2006-10-20,315947,55.282
2006-10-27,317857,54.766
2006-11-03,318374,54.162
2006-11-10,319657,55.742
2006-11-17,324818,55.056
2006-11-24,324458,54.892
2006-12-01,323268,57.586
2006-12-08,318973,59.056
2006-12-15,312650,57.594
2006-12-22,304518,58.014
2006-12-29,303219,56.4925
2007-01-05,297470,54.035
2007-01-12,304238,50.316
2007-01-19,305027,48.49
2007-01-26,307711,50.51
2007-02-02,307193,52.37
2007-02-09,306604,54.484
2007-02-16,310298,53.54
2007-02-23,311719,54.596
2007-03-02,306822,57.624
2007-03-09,308002,57.95
2007-03-16,311926,57.224
2007-03-23,311080,57.432
2007-03-30,315387,61.768
2007-04-06,316219,63.8925
2007-04-13,315225,63.762
2007-04-20,317299,62.672
2007-04-27,318468,63.792
2007-05-04,323940,63.81
2007-05-11,325001,62.346
2007-05-18,326970,64.686
2007-05-25,325014,66.544
2007-06-01,325227,65.008
2007-06-08,325309,66.428
2007-06-15,332211,66.128
2007-06-22,333773,67.85
2007-06-29,336924,67.612
2007-07-06,335336,69.996
2007-07-13,334887,72.04
2007-07-20,333784,72.876
2007-07-27,327287,72.434
2007-08-03,323326,72.5
2007-08-10,318159,68.616
2007-08-17,320049,68.05
2007-08-24,316563,67.214
2007-08-31,312591,68.66
2007-09-07,305578,71.374
2007-09-14,301704,73.746
2007-09-21,303546,75.418
2007-09-28,304684,76.168
2007-10-05,302875,75.33
2007-10-12,304659,75.966
2007-10-19,299371,80.686
2007-10-26,295477,81.632
2007-11-02,294517,86.232
2007-11-09,297331,89.546
2007-11-16,296260,87.212
2007-11-23,295808,90.572
2007-11-30,287895,88.59
2007-12-07,286806,84.796
2007-12-14,279220,86.282
2007-12-21,275921,87.312
2007-12-28,271865,89.6075
2008-01-04,265361,92.3925
2008-01-11,269620,90.688
2008-01-18,271917,87.034
2008-01-25,275472,84.906
2008-02-01,282340,87.844
2008-02-08,283406,85.582
2008-02-15,287610,90.06
2008-02-22,290841,92.822
2008-02-29,287785,94.74
2008-03-07,294185,97.29
2008-03-14,294318,101.34
2008-03-21,294406,99.395
2008-03-28,301723,98.238
2008-04-04,298516,97.624
2008-04-11,296160,102.568
2008-04-18,298581,106.356
2008-04-25,302429,110.126
2008-05-02,308082,108.342
2008-05-09,308258,115.63
2008-05-16,302941,119.076
2008-05-23,294058,123.734
2008-05-30,289256,124.296
2008-06-06,284679,121.432
2008-06-13,283437,129.728
2008-06-20,284240,129.036
2008-06-27,282258,131.598
2008-07-04,276552,138.312
2008-07-11,279504,136.068
2008-07-18,277946,133.972
2008-07-25,277865,124.818
2008-08-01,279363,121.872
2008-08-08,279047,115.894
2008-08-15,288437,109.734
2008-08-22,288260,111.082
2008-08-29,286362,111.198
2008-09-05,280482,104.388
2008-09-12,274154,97.372
2008-09-19,272634,89.198
2008-09-26,276912,98.282
2008-10-03,285104,90.006
2008-10-10,290715,77.976
2008-10-17,293897,67.884
2008-10-24,294390,61.528
2008-10-31,294444,57.636
2008-11-07,294394,56.83
2008-11-14,295993,50.754
2008-11-21,303273,45.404
2008-11-28,302817,46.034
2008-12-05,303169,40.768
2008-12-12,303694,39.06
2008-12-19,300593,40.284
2008-12-26,301142,34.92333333
2009-01-02,307236,36.415
2009-01-09,308380,43.938
2009-01-16,314480,40.946
2009-01-23,320698,40.096
2009-01-30,327868,41.408
2009-02-06,332487,42.244
2009-02-13,332349,42.752
2009-02-20,333066,39.51
2009-02-27,332309,41.13
2009-03-06,332824,43.004
2009-03-13,334766,43.256
2009-03-20,338068,45.912
2009-03-27,340912,50.388
2009-04-03,342328,48.538
2009-04-10,347999,51.3425
2009-04-17,351856,51.432
2009-04-24,355909,49.032
2009-05-01,356863,49.732
2009-05-08,352234,54.262
2009-05-15,350129,56.478
2009-05-22,344716,57.784
2009-05-29,347582,60.698
2009-06-05,343186,66.674
2009-06-12,339312,69.174
2009-06-19,335444,69.5
2009-06-26,331784,67.7
2009-07-03,329083,68.228
2009-07-10,326270,61.636
2009-07-17,324474,61.606
2009-07-24,329626,65.724
2009-07-31,331296,67.656
2009-08-07,333992,72.04
2009-08-14,325595,71.428
2009-08-21,325723,70.696
2009-08-28,325351,71.424
2009-09-04,319545,67.56
2009-09-11,314816,68.088
2009-09-18,317671,68.4
2009-09-25,320467,66.8
2009-10-02,319333,65.752
2009-10-09,319667,67.882
2009-10-16,320979,72.21
2009-10-23,321757,76.642
2009-10-30,317821,76.032
2009-11-06,319609,76.356
2009-11-13,318722,76.25
2009-11-20,319741,76.768
2009-11-27,321832,75.79
2009-12-04,318037,77.106
2009-12-11,314348,73.308
2009-12-18,309507,71.44
2009-12-25,307969,72.56
2010-01-01,306626,76.2375
2010-01-08,310325,79.44
2010-01-15,309854,78.136
2010-01-22,305966,74.828
2010-01-29,308283,71.638
2010-02-05,310577,72.33
2010-02-12,313662,70.552
2010-02-19,316696,73.754
2010-02-26,320730,75.322
2010-03-05,322200,76.294
2010-03-12,323212,77.708
2010-03-19,330457,77.238
2010-03-26,333386,77.004
2010-04-02,335532,78.6425
2010-04-09,333330,81.95
2010-04-16,335224,82.498
2010-04-23,337187,82.02
2010-04-30,339942,83.358
2010-05-07,341861,80.914
2010-05-14,342023,77.656
2010-05-21,344483,70.94
2010-05-28,342581,68.948
2010-06-04,340906,71.774
2010-06-11,342596,71.036
2010-06-18,344613,74.182
2010-06-25,342606,74.358
2010-07-02,337562,72.006
2010-07-09,332504,70.634
2010-07-16,332864,72.932
2010-07-23,340172,73.434
2010-07-30,337388,74.01
2010-08-06,334390,78.244
2010-08-13,333572,75.384
2010-08-20,337680,72.676
2010-08-27,341105,70.876
2010-09-03,339337,72.774
2010-09-10,336848,73.934
2010-09-17,337818,75.282
2010-09-24,337343,74.86
2010-10-01,340186,76.534
2010-10-08,339770,80.524
2010-10-15,340437,80.358
2010-10-22,345444,78.952
2010-10-29,347394,79.662
2010-11-05,343849,82.734
2010-11-12,336563,84.858
2010-11-19,337592,82.028
2010-11-26,338658,81.43
2010-12-03,334524,84.896
2010-12-10,324670,87.804
2010-12-17,319337,88.386
2010-12-24,318079,89.808
2010-12-31,313918,89.886
2011-01-07,311526,90.978
2011-01-14,314143,93.296
2011-01-21,318979,93.472
2011-01-28,321573,93.02
2011-02-04,323404,96.828
2011-02-11,324264,96.806
2011-02-18,325086,98.954
2011-02-25,324722,105.96
2011-03-04,327099,109.9
2011-03-11,328844,110.286
2011-03-18,330975,107.77
2011-03-25,333920,110.628
2011-04-01,335536,111.066
2011-04-08,337163,117.526
2011-04-15,334841,118.196
2011-04-22,340997,117.7
2011-04-29,344418,119.79
2011-05-06,348050,114.562
2011-05-13,348035,109.406
2011-05-20,348651,107.418
2011-05-27,351529,108.17
2011-06-03,346897,110.516
2011-06-10,343491,111.912
2011-06-17,341780,111.32
2011-06-24,337405,106.436
2011-07-01,336532,105.056
2011-07-08,333408,109.138
2011-07-15,329681,112.122
2011-07-22,331977,113.078
2011-07-29,332927,113.184
2011-08-05,327806,109.35
2011-08-12,332039,102.44
2011-08-19,329826,105.172
2011-08-26,335107,106.282
2011-09-02,331146,110.164
2011-09-09,324442,110.124
2011-09-16,317106,108.892
2011-09-23,319021,107.088
2011-09-30,314342,103.072
2011-10-07,315575,100.61
2011-10-14,310846,106.804
2011-10-21,315581,108.444
2011-10-28,317407,109.13
2011-11-04,315819,108.006
2011-11-11,314763,112.536
2011-11-18,308544,111.416
2011-11-25,312476,108.046
2011-12-02,313625,109.568
2011-12-09,311693,109.254
2011-12-16,301123,106.006
2011-12-23,305022,106.016
2011-12-30,307231,107.22
2012-01-06,309056,111.59
2012-01-13,305618,112.614
2012-01-20,309176,111.738
2012-01-27,313351,111.308
2012-02-03,313642,111.002
2012-02-10,313471,115.184
2012-02-17,315104,117.696
2012-02-24,319264,120.76
2012-03-02,320112,122.282
2012-03-09,321862,122.916
2012-03-16,320700,123.788
2012-03-23,327802,122.96
2012-03-30,336811,122.372
2012-04-06,339377,121.915
2012-04-13,343233,119.08
2012-04-20,347211,116.336
2012-04-27,350051,116.348
2012-05-04,355340,115.7
2012-05-11,357468,109.77
2012-05-18,358351,107.448
2012-05-25,360564,104.866
2012-06-01,358801,102.278
2012-06-08,358610,96.626
2012-06-15,361471,95.826
2012-06-22,361338,92.012
2012-06-29,357068,90.774
2012-07-06,352213,96.598
2012-07-13,351404,97.264
2012-07-20,354121,102.072
2012-07-27,347599,101.036
2012-08-03,343824,103.046
2012-08-10,340125,107.82
2012-08-17,334713,110.818
2012-08-24,338491,112.33
2012-08-31,331065,110.798
2012-09-07,332474,111.892
2012-09-14,341008,113.34
2012-09-21,338562,109.426
2012-09-28,338080,108.038
2012-10-05,339592,108.29
2012-10-12,342452,110.15
2012-10-19,348348,110.158
2012-10-26,346303,106.19
2012-11-02,347850,105.914
2012-11-09,348939,105.174
2012-11-16,347473,106.608
2012-11-23,347126,108.198
2012-11-30,344769,107.918
2012-12-07,344909,106.738
2012-12-14,343945,105.484
2012-12-21,343359,106.676
2012-12-28,332239,107.1825
2013-01-04,333131,108.6375
2013-01-11,332180,108.676
2013-01-18,334993,108.218
2013-01-25,340940,109.718
2013-02-01,343274,111.404
2013-02-08,343834,113.376
2013-02-15,347977,114.5
2013-02-22,349107,112.658
2013-03-01,352843,109.28
2013-03-08,355467,107.024
2013-03-15,354153,106.404
2013-03-22,357409,105.91
2013-03-29,360116,106.34
2013-04-05,359998,105.848
2013-04-12,358765,102.28
2013-04-19,359712,97.234
2013-04-26,366408,98.964
2013-05-03,366779,100.394
2013-05-10,366155,102.042
2013-05-17,365817,100.544
2013-05-24,368817,100.376
2013-05-31,362550,99.952
2013-06-07,365179,100.482
2013-06-14,365492,101.516
2013-06-21,365510,102.39
2013-06-28,355163,99.732
2013-07-05,345426,101.712
2013-07-12,338524,104.468
2013-07-19,335699,105.698
2013-07-26,336130,105.582
2013-08-02,334699,105.57
2013-08-09,331887,105.258
2013-08-16,330459,106.894
2013-08-23,333445,107.534
2013-08-30,331609,110.848
2013-09-06,330991,111.328
2013-09-13,326623,109.95
2013-09-20,329258,107.936
2013-09-27,334730,106.332
2013-10-04,341474,106.168
2013-10-11,345473,107.318
2013-10-18,350719,107.278
2013-10-25,354806,106.082
2013-11-01,355995,106.14
2013-11-08,358635,103.326
2013-11-15,359010,104.084
2013-11-22,361963,105.354
2013-11-29,356378,106.996
2013-12-06,345374,107.992
2013-12-13,342433,106.854
2013-12-20,337702,107.174
2013-12-27,330695,108.9466667
2014-01-03,326737,107.0875
2014-01-10,319079,104.328
2014-01-17,320069,104.1
2014-01-24,326490,105.24
2014-01-31,326930,104.68
2014-02-07,329983,103.096
2014-02-14,330956,105.426
2014-02-21,331024,106.652
2014-02-28,332453,106.352
2014-03-07,338333,105.738
2014-03-14,344183,104.03
2014-03-21,350802,103.194
2014-03-28,348423,103.64
2014-04-04,352341,102.748
2014-04-11,362354,103.588
2014-04-18,365878,105.4025
2014-04-25,367576,105.218
2014-05-02,366004,104.47
2014-05-09,366951,104.024
2014-05-16,359725,105.188
2014-05-23,361382,106.67
2014-05-30,357951,106.446
2014-06-06,355221,105.282
2014-06-13,354642,106.88
2014-06-20,356384,109.648
2014-06-27,353229,109.62
2014-07-04,350822,108.026
2014-07-11,343297,105.732
2014-07-18,339328,104.558
2014-07-25,335631,105.328
2014-08-01,334167,104.45
2014-08-08,335568,102.436
2014-08-15,331094,101.152
2014-08-22,329024,99.218
2014-08-29,328119,99.786
2014-09-05,327428,99.048
2014-09-12,331101,96.19
2014-09-19,326828,95.09
2014-09-26,325465,94.248
2014-10-03,330380,92.326
2014-10-10,339303,88.558
2014-10-17,346414,83.464
2014-10-24,348475,82.11
2014-10-31,348935,82.562
2014-11-07,346150,78.872
2014-11-14,348758,76.366
2014-11-21,350704,74.352
2014-11-28,347015,72.674
2014-12-05,348313,66.694
2014-12-12,347466,61.322
2014-12-19,354733,56.258
2014-12-26,352979,56.165
2015-01-02,348806,52.6525
2015-01-09,354195,46.22
2015-01-16,364266,42.648
2015-01-23,373140,43.38
2015-01-30,379473,43.786
2015-02-06,383800,51.27
2015-02-13,391516,53.552
2015-02-20,399943,56.558
2015-02-27,410246,54.868
2015-03-06,415425,55.98
2015-03-13,425047,52.926
2015-03-20,433217,49.498
2015-03-27,437983,51.906
2015-04-03,449662,52.204
2015-04-10,450956,53.93
2015-04-17,456271,57.436
2015-04-24,458181,59.304
2015-05-01,454079,61.366
2015-05-08,451888,63.57
2015-05-15,449214,62.832
2015-05-22,446412,61.778
2015-05-29,444464,60.428
2015-06-05,438447,60.486
2015-06-12,435771,61.082
2015-06-19,430837,60.212
2015-06-26,433223,59.744
2015-07-03,433714,58.9
2015-07-10,429368,55.07
2015-07-17,431836,54.588
2015-07-24,427633,53.186
2015-07-31,423226,50.93
2015-08-07,421822,47.646
2015-08-14,424442,47.196
2015-08-21,418990,44.85
2015-08-28,423657,41.842
2015-09-04,426062,46.92
2015-09-11,423958,45.28
2015-09-18,422033,44.198
2015-09-25,425988,44.116
2015-10-02,429028,43.786
2015-10-09,436590,47.232
2015-10-16,444618,45.988
2015-10-23,447994,43.87
2015-10-30,450841,43.346
2015-11-06,454822,43.654
2015-11-13,455074,41.068
2015-11-20,456035,38.28
2015-11-27,457212,39.296
2015-12-04,453553,38.49
2015-12-11,458354,34.948
2015-12-18,452477,32.102
2015-12-25,455106,31.3275
2016-01-01,450956,31.4875
2016-01-08,451190,29.806
2016-01-15,455169,25.652
2016-01-22,463552,23.66
2016-01-29,471344,26.896
2016-02-05,470676,29.202
2016-02-12,472823,27.042
2016-02-19,476325,29.02
2016-02-26,486699,29.33
2016-03-04,490843,31.52
2016-03-11,492160,35.08
2016-03-18,501517,35.176
2016-03-25,503816,35.81
2016-04-01,498598,34.752
2016-04-08,505232,34.152
2016-04-15,507312,38.236
2016-04-22,509311,38.636
2016-04-29,512095,41.076
2016-05-06,508487,41.138
2016-05-13,509797,41.812
2016-05-20,505571,44.536
2016-05-27,504205,44.65
2016-06-03,501844,45.344
2016-06-10,500911,47.112
2016-06-17,499994,45.092
2016-06-24,495941,45.952
2016-07-01,493718,45.258
2016-07-08,491172,44.31
2016-07-15,488830,42.948
2016-07-22,490501,42.678
2016-07-29,491914,40.244
2016-08-05,492969,39.1
2016-08-12,490461,41.194
2016-08-19,492962,45.522
2016-08-26,495238,45.532
2016-09-02,480725,43.614
2016-09-09,480166,43.726
2016-09-16,473966,42.682
2016-09-23,472084,42.468
2016-09-30,469108,43.128
2016-10-07,473958,47.514
2016-10-14,468711,48.5
2016-10-21,468158,48.422
2016-10-28,482578,47.442
2016-11-04,485010,43.582
2016-11-11,490284,42.062
2016-11-18,489029,42.168
2016-11-25,488145,45.012
2016-12-02,485756,46.442
2016-12-09,483193,50.688
2016-12-16,485449,51.942
2016-12-23,486063,51.978
2016-12-30,479012,53.1
2017-01-06,483109,53.09
2017-01-13,485456,52.046
2017-01-20,488296,52.048
2017-01-27,494762,52.508
2017-02-03,508592,53.18
2017-02-10,518119,52.934
2017-02-17,518683,53.226
2017-02-24,520184,53.682
2017-03-03,528393,53.63
2017-03-10,528156,51.998
2017-03-17,533110,49.172
2017-03-24,533977,48.66
2017-03-31,535543,49.452
2017-04-07,533377,51.602
2017-04-14,532343,53.395
2017-04-21,528702,51.532
2017-04-28,527772,49.352
2017-05-05,522525,48.136
2017-05-12,520772,47.572
2017-05-19,516340,49.964
2017-05-26,509912,51.112
2017-06-02,513207,48.786
2017-06-09,511546,46.48
2017-06-16,509095,45.214
2017-06-23,509213,43.42
2017-06-30,502914,44.568
2017-07-07,495350,46.682
2017-07-14,490623,45.528
2017-07-21,483415,46.914
2017-07-28,481888,47.994
2017-08-04,475437,49.91
2017-08-11,466492,50.222
2017-08-18,463165,48.706
2017-08-25,457773,49.696
2017-09-01,462353,49.564
2017-09-08,468241,51.68
2017-09-15,472832,52.818
2017-09-22,470986,54.216
2017-09-29,464963,55.782
2017-10-06,462216,54.38
2017-10-13,456485,54.406
2017-10-20,457341,55.724
2017-10-27,454906,56.338
2017-11-03,457143,58.716
2017-11-10,458997,61.662
2017-11-17,457142,60.292
2017-11-24,453713,60.938
2017-12-01,448103,61.346
2017-12-08,442986,60.84
2017-12-15,436491,61.708
2017-12-22,431882,62.168
2017-12-29,424463,63.9875
2018-01-05,419515,65.49
2018-01-12,412654,66.806
2018-01-19,411583,67.214
2018-01-26,418359,67.644
2018-02-02,420254,66.894
2018-02-09,422095,63.862
2018-02-16,420479,61.336
2018-02-23,423498,63.086
2018-03-02,425906,63.576
2018-03-09,430928,62.518
2018-03-16,428306,62.326
2018-03-23,429949,65.08
2018-03-30,425332,66.3875
2018-04-06,428638,65.102
2018-04-13,427567,67.67
2018-04-20,429737,69.498
2018-04-27,435955,70.92
2018-05-04,433758,70.734
2018-05-11,432354,73.47
2018-05-18,438132,75.616
2018-05-25,434512,76.266
2018-06-01,436584,73.888
2018-06-08,432441,73.46
2018-06-15,426527,73.612
2018-06-22,416636,71.664
2018-06-29,417881,73.94
2018-07-06,405248,75.132
2018-07-13,411084,74.054
2018-07-20,404937,70.948
2018-07-27,408740,72.808
2018-08-03,407389,72.53
2018-08-10,414194,71.88
2018-08-17,408358,70.362
2018-08-24,405792,72.086
2018-08-31,401490,74.956
2018-09-07,396194,75.19
2018-09-14,394137,76.178
2018-09-21,395989,76.71
2018-09-28,403964,80.638
2018-10-05,409951,83.166
2018-10-12,416441,81.43
2018-10-19,422787,78.846
2018-10-26,426004,76.374
2018-11-02,431787,74.162
2018-11-09,442057,70.506
2018-11-16,446908,66.524
2018-11-23,450485,62.832
2018-11-30,443162,58.802
2018-12-07,441954,59.946
2018-12-14,441457,59.046
2018-12-21,441411,55.202
2018-12-28,441418,51.33666667
2019-01-04,439738,53.4
2019-01-11,437055,58.038
2019-01-18,445025,59.336
2019-01-25,445944,60.758
2019-02-01,447207,60.472
2019-02-08,450840,61.928
2019-02-15,454512,63.074
2019-02-22,445865,66.17
2019-03-01,452934,65.002
2019-03-08,449072,65.046
2019-03-15,439483,66.622
2019-03-22,442283,67.222
2019-03-29,449521,66.796
2019-04-05,456550,68.808
2019-04-12,455154,70.368
2019-04-19,460633,70.49
2019-04-26,470567,73.132
2019-05-03,466604,71.314
2019-05-10,472035,70.176
2019-05-17,476775,71.662
2019-05-24,476493,70.234
2019-05-31,483264,67.052
2019-06-07,485470,61.574
2019-06-14,482364,61.868
2019-06-21,469576,62.896
2019-06-28,468491,65.33
2019-07-05,458992,63.866
2019-07-12,455876,66.02
2019-07-19,445041,64.71
2019-07-26,436545,64.268
2019-08-02,438930,63.772
2019-08-09,440510,58.592
2019-08-16,437778,58.972
2019-08-23,427751,60.046
2019-08-30,422980,59.734
2019-09-06,416068,59.374
2019-09-13,417126,61.47
2019-09-20,419538,65.714
2019-09-27,422642,63.122
2019-10-04,425569,59.226
2019-10-11,434850,59.214
2019-10-18,433151,59.69
2019-10-25,438853,60.698
2019-11-01,446782,61.008
2019-11-08,449001,62.252
2019-11-15,450380,62.736
2019-11-22,451952,63.282
2019-11-29,447096,64.06
2019-12-06,447918,63.702
2019-12-13,446833,65.836
2019-12-20,441359,67.68
2019-12-27,429896,68.28
2020-01-03,431060,68.3375
2020-01-10,428511,68.862
2020-01-17,428106,65.644
2020-01-24,431654,64.362
2020-01-31,435009,60.286
2020-02-07,442468,55.218
2020-02-14,442883,55.334
2020-02-21,443335,57.916
2020-02-28,444119,53.64
2020-03-06,451783,51.29
2020-03-13,453737,34.684
2020-03-20,455360,28.72
2020-03-27,469193,25.698
2020-04-03,484370,20.608
2020-04-10,503618,22.2775
2020-04-17,518640,18.858
2020-04-24,527631,14.116
2020-05-01,532221,14.928
2020-05-08,531476,21.462
2020-05-15,526494,24.052
2020-05-22,534422,28.616
2020-05-29,532345,29.06
2020-06-05,538065,35.162
2020-06-12,539280,37.014
2020-06-19,540722,37.316
2020-06-26,533527,38.43
2020-07-03,539181,40.828
2020-07-10,531688,43.388
2020-07-17,536580,43.508
2020-07-24,525969,43.912
2020-07-31,518596,43.228
2020-08-07,514084,44.734
2020-08-14,512452,45.052
2020-08-21,507763,45.118
2020-08-28,498401,45.65
2020-09-04,500434,44.674
2020-09-11,496045,40.19
2020-09-18,494406,40.93
2020-09-25,492426,41.472
2020-10-02,492927,40.35
2020-10-09,489109,40.504
2020-10-16,488107,41.022
2020-10-23,492427,41.052
2020-10-30,484429,38.158
2020-11-06,488706,38.486
2020-11-13,489475,42.026
2020-11-20,488721,43.048
2020-11-27,488042,46.124
2020-12-04,503231,47.132
2020-12-11,500096,48.464
2020-12-18,499534,50.17
2020-12-25,493469,49.64
2021-01-01,485459,50.18
2021-01-08,482211,52.724
2021-01-15,486563,55.17
2021-01-22,476653,54.87
2021-01-29,475659,54.76
2021-02-05,469014,57.38
2021-02-12,461757,60.34
2021-02-19,463042,62.584
2021-02-26,484605,63.906
2021-03-05,498403,63.906
2021-03-12,500799,67.136
2021-03-19,502711,65.818
2021-03-26,501835,62.258
2021-04-02,498313,62.7625
2021-04-09,492423,61.196
2021-04-16,493017,63.274
2021-04-23,493107,64.234
2021-04-30,485117,64.558
2021-05-07,484691,66.804
2021-05-14,486011,66.778
2021-05-21,484349,66.266
2021-05-28,479270,67.466
2021-06-04,474029,69.418
2021-06-11,466674,70.68
2021-06-18,459060,72.21
2021-06-25,452342,73.574
2021-07-02,445476,74.172
2021-07-09,437580,74.276
2021-07-16,439687,74.148
2021-07-23,435598,71.218
2021-07-30,439225,73.854
2021-08-06,438777,72.014
2021-08-13,435544,70.706
2021-08-20,432564,68.116
2021-08-27,425395,69.972
2021-09-03,423867,71.75
2021-09-10,417445,71.52
2021-09-17,413964,73.63
2021-09-24,418542,74.652
2021-10-01,420887,77.462
2021-10-08,426975,79.89
2021-10-15,426544,82.546
2021-10-22,430812,83.516
2021-10-29,434102,83.636
2021-11-05,435104,81.852
2021-11-12,433003,82.506
2021-11-19,434020,80.74
2021-11-26,433111,79.49
2021-12-03,432870,71.72
2021-12-10,428286,74.142
2021-12-17,423571,74.266
2021-12-24,419995,73.554
2021-12-31,417851,77.498
2022-01-07,413298,79.842
2022-01-14,413813,83.524
2022-01-21,416190,87.666
2022-01-28,415143,88.842
2022-02-04,410387,90.642
2022-02-11,411508,92.384
2022-02-18,416022,94.16
2022-02-25,413425,96.984
2022-03-04,411562,108.9
2022-03-11,415907,122.494
2022-03-18,413399,106.144
2022-03-25,409950,115.918
2022-04-01,412371,109.314
2022-04-08,421753,104.346
2022-04-15,413733,104.27
2022-04-22,414424,109.1
2022-04-29,415727,104.698
2022-05-06,424214,111.546
2022-05-13,420820,110.17
2022-05-20,419801,114.31
2022-05-27,414733,116.416
2022-06-03,416758,118.358
2022-06-10,418714,121.59
2022-06-17,418328,120.734
2022-06-24,415566,112.76
,,
数据来源：Wind,,