指标名称,M2,美国:M2,欧元区:M2,日本:货币供应量:平均余额:M2
2022-05,"2,527,026.15",,,"1,204.86"
2022-04,"2,499,710.90","21,932.30","14,965,254.00","1,201.84"
2022-03,"2,497,688.34","21,925.70","14,886,291.00","1,183.32"
2022-02,"2,441,488.90","21,632.50","14,773,290.00","1,178.93"
2022-01,"2,431,022.72","21,646.40","14,701,758.00","1,181.35"
2021-12,"2,382,899.56","21,653.50","14,721,771.00","1,178.24"
2021-11,"2,356,012.76","21,328.50","14,607,470.00","1,175.70"
2021-10,"2,336,160.48","21,096.00","14,527,468.00","1,170.60"
2021-09,"2,342,829.70","20,956.90","14,444,815.00","1,169.18"
2021-08,"2,312,267.68","20,777.00","14,380,501.00","1,168.87"
2021-07,"2,302,153.82","20,571.00","14,345,438.00","1,169.03"
2021-06,"2,317,788.36","20,439.40","14,231,690.00","1,169.12"
2021-05,"2,275,538.07","20,318.50","14,134,516.00","1,167.57"
2021-04,"2,262,107.12","20,269.80","14,021,790.00","1,161.81"
2021-03,"2,276,488.45","19,946.10","13,964,439.00","1,143.67"
2021-02,"2,236,030.26","19,524.00","13,851,202.00","1,138.51"
2021-01,"2,213,047.33","19,372.00","13,784,908.00","1,140.05"
2020-12,"2,186,795.89","19,247.90","13,750,587.00","1,136.00"
2020-11,"2,172,002.55","18,980.60","13,629,658.00","1,130.63"
2020-10,"2,149,720.42","18,689.10","13,516,390.00","1,123.29"
2020-09,"2,164,084.80","18,543.10","13,427,966.00","1,121.99"
2020-08,"2,136,836.91","18,319.20","13,340,622.00","1,116.84"
2020-07,"2,125,458.46","18,252.80","13,308,092.00","1,110.31"
2020-06,"2,134,948.66","18,103.70","13,242,831.00","1,103.68"
2020-05,"2,100,183.74","17,766.90","13,166,170.00","1,081.30"
2020-04,"2,093,533.83","17,102.40","12,941,153.00","1,063.03"
2020-03,"2,080,923.41","16,056.10","12,762,048.00","1,044.32"
2020-02,"2,030,830.42","15,383.10","12,441,809.00","1,038.51"
2020-01,"2,023,066.49","15,397.10","12,357,486.00","1,041.64"
2019-12,"1,986,488.82","15,412.50","12,395,713.00","1,040.45"
2019-11,"1,961,429.56","15,259.40","12,401,278.00","1,036.56"
2019-10,"1,945,600.55","15,112.20","12,293,221.00","1,030.44"
2019-09,"1,952,250.49","14,986.80","12,251,174.00","1,029.59"
2019-08,"1,935,492.43","14,896.10","12,264,151.00","1,028.44"
2019-07,"1,919,410.82","14,814.40","12,150,130.00","1,029.05"
2019-06,"1,921,360.19","14,734.80","12,114,505.00","1,028.97"
2019-05,"1,891,153.70","14,575.00","12,032,321.00","1,028.64"
2019-04,"1,884,670.33","14,623.00","11,942,407.00","1,025.22"
2019-03,"1,889,412.14","14,572.50","11,886,634.00","1,012.51"
2019-02,"1,867,427.45","14,401.90","11,741,077.00","1,009.77"
2019-01,"1,865,935.33","14,423.80","11,693,135.00","1,014.80"
2018-12,"1,826,744.22","14,448.80","11,714,685.00","1,014.24"
2018-11,"1,813,175.07","14,255.10","11,668,227.00","1,010.50"
2018-10,"1,795,561.60","14,201.40","11,581,372.00","1,007.44"
2018-09,"1,801,665.58","14,199.50","11,566,435.00","1,006.59"
2018-08,"1,788,670.43","14,164.90","11,519,249.00","1,005.66"
2018-07,"1,776,196.11","14,109.60","11,518,479.00","1,006.80"
2018-06,"1,770,178.37","14,074.70","11,529,059.00","1,006.63"
2018-05,"1,743,063.79","13,980.40","11,419,500.00","1,003.15"
2018-04,"1,737,683.73","14,069.50","11,316,668.00","1,001.09"
2018-03,"1,739,859.48","14,031.00","11,282,736.00",989.09
2018-02,"1,729,070.12","13,849.10","11,217,608.00",986.58
2018-01,"1,720,814.46","13,863.10","11,220,397.00",991.70
2017-12,"1,690,235.32","13,945.00","11,233,795.00",990.57
2017-11,"1,679,156.64","13,819.90","11,175,531.00",987.48
2017-10,"1,662,449.96","13,750.70","11,114,353.00",981.31
2017-09,"1,663,666.05","13,705.50","11,098,268.00",978.82
2017-08,"1,652,947.30","13,653.70","11,073,583.00",977.62
2017-07,"1,636,341.11","13,584.40","11,032,488.00",978.15
2017-06,"1,639,497.05","13,522.10","11,007,628.00",976.36
2017-05,"1,609,740.77","13,474.10","10,939,554.00",972.37
2017-04,"1,603,918.84","13,565.00","10,927,124.00",970.29
2017-03,"1,607,938.98","13,491.70","10,860,502.00",959.76
2017-02,"1,589,857.00","13,305.60","10,769,896.00",956.13
2017-01,"1,584,194.56","13,281.60","10,734,715.00",959.05
2016-12,"1,550,066.67","13,299.90","10,735,858.00",956.34
2016-11,"1,530,432.06","13,191.80","10,660,028.00",949.45
2016-10,"1,519,485.40","13,079.40","10,568,292.00",942.94
2016-09,"1,516,360.50","13,016.20","10,551,919.00",940.74
2016-08,"1,510,982.91","12,946.70","10,533,407.00",939.99
2016-07,"1,491,558.72","12,850.10","10,542,969.00",940.50
2016-06,"1,490,491.83","12,789.00","10,473,181.00",939.46
2016-05,"1,461,695.11","12,708.40","10,440,837.00",936.83
2016-04,"1,445,209.59","12,778.60","10,399,147.00",933.75
2016-03,"1,446,198.03","12,684.80","10,322,666.00",921.44
2016-02,"1,424,618.68","12,517.10","10,278,374.00",918.34
2016-01,"1,416,319.55","12,478.40","10,264,181.00",922.66
2015-12,"1,392,278.11","12,427.30","10,228,432.00",920.65
2015-11,"1,373,956.01","12,297.90","10,180,680.00",914.59
2015-10,"1,361,020.70","12,171.50","10,114,071.00",910.58
2015-09,"1,359,824.06","12,138.20","10,040,557.00",909.69
2015-08,"1,356,907.98","12,070.40","10,032,566.00",911.21
2015-07,"1,353,210.92","12,012.90","10,027,935.00",910.24
2015-06,"1,333,375.36","11,962.50","9,973,898.00",909.01
2015-05,"1,307,357.63","11,907.90","9,940,369.00",907.00
2015-04,"1,280,779.14","12,004.70","9,869,933.00",904.07
2015-03,"1,275,332.78","11,956.70","9,801,248.00",894.31
2015-02,"1,257,384.48","11,847.10","9,737,235.00",890.86
2015-01,"1,242,709.56","11,759.00","9,738,730.00",894.66
2014-12,"1,228,374.81","11,760.00","9,695,399.00",893.14
2014-11,"1,208,605.95","11,615.00","9,567,457.00",885.40
2014-10,"1,199,236.31","11,538.60","9,476,256.00",878.80
2014-09,"1,202,051.41","11,470.60","9,466,964.00",876.72
2014-08,"1,197,499.08","11,422.70","9,443,647.00",875.16
2014-07,"1,194,249.24","11,391.80","9,400,331.00",875.71
2014-06,"1,209,587.20","11,336.80","9,384,212.00",875.35
2014-05,"1,182,293.96","11,274.80","9,360,278.00",871.61
2014-04,"1,168,812.67","11,331.60","9,297,491.00",872.83
2014-03,"1,160,687.38","11,278.40","9,270,958.00",863.44
2014-02,"1,131,760.83","11,153.40","9,232,803.00",861.11
2014-01,"1,123,521.21","11,101.60","9,221,350.00",865.89
2013-12,"1,106,524.98","11,104.30","9,246,611.00",862.77
2013-11,"1,079,257.06","10,974.30","9,233,295.00",855.02
2013-10,"1,070,242.17","10,930.00","9,198,418.00",852.09
2013-09,"1,077,379.16","10,802.90","9,178,509.00",850.79
2013-08,"1,061,256.43","10,735.10","9,182,537.00",849.89
2013-07,"1,052,212.34","10,679.70","9,152,050.00",850.54
2013-06,"1,054,403.69","10,640.60","9,161,985.00",849.64
2013-05,"1,042,169.16","10,576.00","9,137,227.00",844.03
2013-04,"1,032,551.90","10,653.10","9,125,702.00",843.73
2013-03,"1,035,858.37","10,624.10","9,079,303.00",833.87
2013-02,"998,600.83","10,477.10","9,016,092.00",828.28
2013-01,"992,129.25","10,503.80","9,000,857.00",829.96
2012-12,"974,148.80","10,528.60","9,044,640.00",827.69
2012-11,"944,832.35","10,340.40","8,955,966.00",819.39
2012-10,"936,404.28","10,243.30","8,928,498.00",818.38
2012-09,"943,688.75","10,162.70","8,866,346.00",819.27
2012-08,"924,894.59","10,066.50","8,826,211.00",819.13
2012-07,"919,072.40","10,003.50","8,833,838.00",819.98
2012-06,"924,991.20","9,958.40","8,810,356.00",818.54
2012-05,"900,048.77","9,880.60","8,752,513.00",815.71
2012-04,"889,604.04","9,946.50","8,721,254.00",817.86
2012-03,"895,565.50","9,900.70","8,718,043.00",809.27
2012-02,"867,171.42","9,784.40","8,648,412.00",804.77
2012-01,"855,898.89","9,759.40","8,640,111.00",808.27
2011-12,"851,590.90","9,726.70","8,670,607.00",806.92
2011-11,"825,493.94","9,630.60","8,565,195.00",802.44
2011-10,"816,829.25","9,547.60","8,555,870.00",800.28
2011-09,"787,406.20","9,497.80","8,568,032.00",800.01
2011-08,"780,852.30","9,459.30","8,530,700.00",799.72
2011-07,"772,923.65","9,263.90","8,522,262.00",801.72
2011-06,"780,820.85","9,111.40","8,517,984.00",800.52
2011-05,"763,409.22","9,022.90","8,488,119.00",798.32
2011-04,"757,384.56","9,052.80","8,482,015.00",797.08
2011-03,"758,130.88","8,997.70","8,441,080.00",786.08
2011-02,"736,130.86","8,884.40","8,415,890.00",781.83
2011-01,"733,884.83","8,847.30","8,435,755.00",784.40
2010-12,"725,851.79","8,855.20","8,472,295.00",782.29
2010-11,"710,339.03","8,773.10","8,388,301.00",778.90
2010-10,"699,776.74","8,707.90","8,378,476.00",778.47
2010-09,"696,471.50","8,647.10","8,344,373.00",778.86
2010-08,"687,506.92","8,605.30","8,342,474.00",778.97
2010-07,"674,051.48","8,574.50","8,337,673.00",778.81
2010-06,"673,921.72","8,604.10","8,333,155.00",778.43
2010-05,"663,351.37","8,581.90","8,301,215.00",777.36
2010-04,"656,561.22","8,599.50","8,268,952.00",775.97
2010-03,"649,947.46","8,574.30","8,209,452.00",766.22
2010-02,"636,072.26","8,506.10","8,210,916.00",763.57
2010-01,"625,609.29","8,461.60","8,234,925.00",766.86
2009-12,"610,224.52","8,540.80","8,275,091.00",764.44
2009-11,"594,604.72","8,498.60","8,169,984.00",759.29
2009-10,"586,643.29","8,423.40","8,178,414.00",757.45
2009-09,"585,405.34","8,391.90","8,153,645.00",757.76
2009-08,"576,698.95","8,383.50","8,152,962.00",757.91
2009-07,"573,102.85","8,404.50","8,170,120.00",758.17
2009-06,"568,916.20","8,438.10","8,186,153.00",756.47
2009-05,"548,263.51","8,425.50","8,157,432.00",753.95
2009-04,"540,481.21","8,438.40","8,164,981.00",754.22
2009-03,"530,626.71","8,438.30","8,094,023.00",746.28
2009-02,"506,708.07","8,302.50","8,093,799.00",743.23
2009-01,"496,135.31","8,273.90","8,101,892.00",744.74
2008-12,"475,166.60","8,229.00","8,103,057.00",741.73
2008-11,"458,644.66","8,010.30","8,018,985.00",735.00
2008-10,"453,133.32","7,919.90","7,972,122.00",732.53
2008-09,"452,898.71","7,812.60","7,839,899.00",735.86
2008-08,"448,846.68","7,739.50","7,759,476.00",737.17
2008-07,"446,362.17","7,741.70","7,750,324.00",738.14
2008-06,"443,141.02","7,728.60","7,734,627.00",737.83
2008-05,"436,221.60","7,706.20","7,688,720.00",734.30
2008-04,"429,313.72","7,764.40","7,625,571.00",734.59
2008-03,"423,054.53","7,716.20","7,544,871.00",729.95
2008-02,"421,037.84","7,582.20","7,471,675.00",727.66
2008-01,"417,846.17","7,500.10","7,449,456.00",730.45
2007-12,"403,401.30","7,502.00","7,436,874.00",728.56
2007-11,"399,757.91","7,434.60","7,288,789.00",722.07
2007-10,"394,204.17","7,376.20","7,229,789.00",719.34
2007-09,"393,098.91","7,365.50","7,140,136.00",720.19
2007-08,"387,205.04","7,344.90","7,044,759.00",719.82
2007-07,"383,884.88","7,285.60","7,063,718.00",722.88
2007-06,"377,832.15","7,282.80","7,023,577.00",721.64
2007-05,"369,718.15","7,238.80","6,928,873.00",719.52
2007-04,"367,326.45","7,294.50","6,875,258.00",721.10
2007-03,"364,104.66","7,205.30","6,830,309.00",713.84
2007-02,"358,659.25","7,107.50","6,707,664.00",710.89
2007-01,"351,498.77","7,095.90","6,704,079.00",715.14
2006-12,"345,577.91","7,098.00","6,743,791.00",713.79
2006-11,"337,504.15","7,023.00","6,535,927.00",707.83
2006-10,"332,747.17","6,960.80","6,472,185.00",705.98
2006-09,"331,865.36","6,918.00","6,461,105.00",708.19
2006-08,"327,885.67","6,890.60","6,360,016.00",707.31
2006-07,"324,010.76","6,872.00","6,382,249.00",708.52
2006-06,"322,756.35","6,850.50","6,386,776.00",708.59
2006-05,"316,709.81","6,796.80","6,321,177.00",709.32
2006-04,"313,702.34","6,858.40","6,316,677.00",712.91
2006-03,"310,490.65","6,794.90","6,212,517.00",706.12
2006-02,"304,516.27","6,722.40","6,157,331.00",703.80
2006-01,"303,571.65","6,705.30","6,134,008.00",708.78
2005-12,"298,755.48","6,707.20","6,168,737.00",708.99
2005-11,"292,350.39","6,654.10","6,002,366.00",703.60
2005-10,"287,591.61","6,613.40","5,976,941.00",702.17
2005-09,"287,438.27","6,586.20","5,939,643.00",704.62
2005-08,"281,288.22","6,553.50","5,859,423.00",704.37
2005-07,"276,966.28","6,529.30","5,896,526.00",705.06
2005-06,"275,785.53","6,510.40","5,858,475.00",700.68
2005-05,"269,240.49","6,458.50","5,778,327.00",700.32
2005-04,"266,992.66","6,507.20","5,738,282.00",701.54
2005-03,"264,588.94","6,463.70","5,680,387.00",696.51
2005-02,"259,357.29","6,404.60","5,643,364.00",692.05
2005-01,"257,708.47","6,403.00","5,637,298.00",696.57
2004-12,"253,207.70","6,446.30","5,632,265.00",696.06
2004-11,"247,135.58","6,404.00","5,528,865.00",689.48
2004-10,"243,740.32","6,354.50","5,490,285.00",689.05
2004-09,"243,756.88","6,332.70","5,451,083.00",690.73
2004-08,"239,729.19","6,299.50","5,397,916.00",693.37
2004-07,"238,126.97","6,277.90","5,428,440.00",693.79
2004-06,"238,427.49","6,271.70","5,408,012.00",689.48
2004-05,"234,842.40","6,248.50","5,377,365.00",690.38
2004-04,"233,627.86","6,234.80","5,344,467.00",689.19
2004-03,"231,654.60","6,167.40","5,310,219.00",682.59
2004-02,"227,050.72","6,087.90","5,273,548.00",679.78
2004-01,"225,101.93","6,057.80","5,271,712.00",683.31
2003-12,"221,222.82","6,097.30","5,297,999.00",682.58
2003-11,"216,351.73","6,075.70","5,206,044.00",675.73
2003-10,"214,469.36","6,047.20","5,157,878.00",675.57
2003-09,"213,567.13","6,062.60","5,136,978.00",676.85
2003-08,"210,591.90","6,090.60","5,125,966.00",680.73
2003-07,"206,193.07","6,034.00","5,124,234.00",681.31
2003-06,"204,907.42","5,991.10","5,130,101.00",677.76
2003-05,"199,505.19","5,937.00","5,109,432.00",677.09
2003-04,"196,130.13","5,937.40","5,052,347.00",676.71
2003-03,"194,487.30","5,881.00","5,006,352.00",
2003-02,"190,108.41","5,819.70","4,951,523.00",
2003-01,"190,545.05","5,792.40","4,923,614.00",
2002-12,"185,006.97","5,803.00","4,981,449.00",
2002-11,"179,736.26","5,756.60","4,875,496.00",
2002-10,"177,294.15","5,684.50","4,811,015.00",
2002-09,"176,985.21","5,645.60","4,792,133.00",
2002-08,"173,250.92","5,620.70","4,750,263.00",
2002-07,"170,851.14","5,577.70","4,758,307.00",
2002-06,"169,601.24","5,536.90","4,768,158.00",
2002-05,"166,023.00","5,499.00","4,728,195.00",
2002-04,"164,570.56","5,532.50","4,706,318.00",
2002-03,"164,064.57","5,518.10","4,670,235.00",
2002-02,"160,935.59","5,469.30","4,644,451.00",
2002-01,"159,639.27","5,449.90","4,655,663.00",
2001-12,"158,301.92","5,463.80","4,684,363.00",
2001-11,"154,088.33","5,383.60","4,565,041.00",
2001-10,"151,497.25","5,320.70","4,512,933.00",
2001-09,"151,642.64","5,335.60","4,508,739.00",
2001-08,"149,941.76","5,224.10","4,461,073.00",
2001-07,"149,228.73","5,188.20","4,479,923.00",
2001-06,"147,809.67","5,159.60","4,492,195.00",
2001-05,"139,015.84","5,110.40","4,445,379.00",
2001-04,"139,949.85","5,173.50","4,422,968.00",
2001-03,"138,744.46","5,097.50","4,385,080.00",
2001-02,"136,210.17","5,007.30","4,355,581.00",
2001-01,"137,543.63","4,978.50","4,348,576.00",
2000-12,"134,610.26","4,952.60","4,299,630.00",
2000-11,"130,994.07","4,881.70","4,210,799.00",
2000-10,"129,522.44","4,853.90","4,187,284.00",
2000-09,"130,473.84","4,840.00","4,182,500.00",
2000-08,"127,790.30","4,804.40","4,176,869.00",
2000-07,"126,323.92","4,773.90","4,184,938.00",
2000-06,"126,605.33","4,757.70","4,186,421.00",
2000-05,"124,053.25","4,732.30","4,177,617.00",
2000-04,"124,121.87","4,806.10","4,186,038.00",
2000-03,"122,606.82","4,736.00","4,143,894.00",
2000-02,"121,583.40","4,674.40","4,133,651.00",
2000-01,"121,220.40","4,672.60","4,137,751.00",
1999-12,"119,898.00","4,664.50","4,142,298.00",
1999-11,"116,559.00","4,610.20","4,049,147.00",
1999-10,"115,390.00","4,574.80","4,019,772.00",
1999-09,"115,079.00","4,553.10","4,000,412.00",
1999-08,"112,827.00","4,539.40","3,991,118.00",
1999-07,"111,400.00","4,519.60","4,021,979.00",
1999-06,"111,363.00","4,494.70","4,005,344.00",
1999-05,"110,061.00","4,464.10","3,979,502.00",
1999-04,"109,218.00","4,501.40","3,950,654.00",
1999-03,"108,438.00","4,455.60","3,929,382.00",
1999-02,"107,778.00","4,418.70","3,911,195.00",
1999-01,"105,500.00","4,409.50","3,953,260.00",
1998-12,"104,498.50","4,399.60","3,920,142.00",
1998-11,"102,229.00","4,345.90","3,789,869.00",
1998-10,"100,863.00","4,291.40","3,740,076.00",
1998-09,"99,795.00","4,254.40","3,725,841.00",
1998-08,"97,299.00","4,220.30","3,718,421.00",
1998-07,"96,314.00","4,193.20","3,725,595.00",
1998-06,"94,658.00","4,174.60","3,758,292.00",
1998-05,"93,936.00","4,144.00","3,727,306.00",
1998-04,"92,662.00","4,174.60","3,698,170.00",
1998-03,"92,015.00","4,131.70","3,666,889.00",
1998-02,"92,024.00","4,080.10","3,660,607.00",
1998-01,"92,180.00","4,062.50","3,658,505.00",
1997-12,"90,631.83","4,055.10","3,687,146.00",
1997-11,"87,590.00","4,015.80","3,587,644.00",
1997-10,"86,644.00","3,977.20","3,555,327.00",
1997-09,"85,892.00","3,961.50","3,543,278.00",
1997-08,"84,746.00","3,953.20","3,531,781.00",
1997-07,"83,460.00","3,918.50","3,542,370.00",
1997-06,"82,789.00","3,899.50","3,549,216.00",
1997-05,"81,151.00","3,869.40","3,516,345.00",
1997-04,"80,818.00","3,905.70","3,498,558.00",
1997-03,"79,889.00","3,873.20","3,500,177.00",
1997-02,"78,998.00","3,835.10","3,493,103.00",
1997-01,"78,648.00","3,839.50","3,499,192.00",
1996-12,"77,265.00","3,839.80","3,562,479.00",
1996-11,"74,142.00","3,797.20","3,438,163.00",
1996-10,"73,152.20","3,758.70","3,403,007.00",
1996-09,"69,643.00","3,744.20","3,406,184.00",
1996-08,"72,309.00","3,741.60","3,382,843.00",
1996-07,"69,346.00","3,734.10","3,386,524.00",
1996-06,"68,132.00","3,721.00","3,397,323.00",
1996-05,"66,880.00","3,690.10","3,362,529.00",
1996-04,"65,723.00","3,720.60","3,359,123.00",
1996-03,"64,511.00","3,694.00","3,344,138.00",
1996-02,"63,778.00","3,647.50","3,332,905.00",
1996-01,"58,401.00","3,651.30","3,337,995.00",
1995-12,"60,750.50","3,653.30","3,397,475.00",
1995-11,,"3,622.90","3,263,208.00",
1995-10,,"3,602.30","3,235,715.00",
1995-09,,"3,594.60","3,233,082.00",
1995-08,,"3,585.20","3,203,359.00",
1995-07,,"3,569.70","3,212,065.00",
1995-06,,"3,545.50","3,218,329.00",
1995-05,,"3,506.70","3,192,383.00",
1995-04,,"3,522.40","3,187,017.00",
1995-03,,"3,491.70","3,176,207.00",
1995-02,,"3,474.90","3,172,637.00",
1995-01,,"3,495.30","3,176,293.00",
1994-12,"46,923.50","3,507.80","3,243,755.00",
1994-11,,"3,491.80","3,148,097.00",
1994-10,,"3,478.20","3,139,823.00",
1994-09,,"3,476.80","3,135,704.00",
1994-08,,"3,481.60","3,126,004.00",
1994-07,,"3,491.50","3,149,190.00",
1994-06,,"3,477.40","3,154,660.00",
1994-05,,"3,474.50","3,129,450.00",
1994-04,,"3,503.10","3,133,737.00",
1994-03,,"3,477.20","3,126,996.00",
1994-02,,"3,459.70","3,102,600.00",
1994-01,,"3,480.10","3,105,703.00",
1993-12,"34,879.80","3,495.10","3,150,266.00",
1993-11,,"3,474.70","3,020,874.00",
1993-10,,"3,452.70","2,987,300.00",
1993-09,,"3,443.50","2,966,997.00",
1993-08,,"3,440.90","2,948,714.00",
1993-07,,"3,442.60","2,953,701.00",
1993-06,,"3,439.50","2,955,816.00",
1993-05,,"3,425.00","2,933,359.00",
1993-04,,"3,430.40","2,913,546.00",
1993-03,,"3,410.50","2,902,894.00",
1993-02,,"3,400.70","2,879,792.00",
1993-01,,"3,423.60","2,882,795.00",
1992-12,"25,402.20","3,441.30","2,939,888.00",
1992-11,,"3,433.40","2,847,433.00",
1992-10,,"3,418.70","2,812,531.00",
1992-09,,"3,401.20","2,814,038.00",
1992-08,,"3,396.50","2,778,097.00",
1992-07,,"3,393.20","2,781,924.00",
1992-06,,"3,388.70","2,789,467.00",
1992-05,,"3,388.00","2,774,682.00",
1992-04,,"3,418.90","2,761,474.00",
1992-03,,"3,404.80","2,742,354.00",
1992-02,,"3,390.10","2,729,984.00",
1992-01,,"3,383.20","2,735,280.00",
1991-12,"19,349.90","3,386.40","2,808,376.00",
1991-11,,"3,371.20","2,689,380.00",
1991-10,,"3,353.80","2,656,288.00",
1991-09,,"3,347.60","2,657,215.00",
1991-08,,"3,351.40","2,637,304.00",
1991-07,,"3,354.40","2,645,258.00",
1991-06,,"3,349.70","2,651,888.00",
1991-05,,"3,330.30","2,613,692.00",
1991-04,,"3,349.50","2,612,112.00",
1991-03,,"3,327.30","2,600,460.00",
1991-02,,"3,296.30","2,599,248.00",
1991-01,,"3,289.30","2,600,176.00",
1990-12,"15,293.40","3,285.10","2,658,683.00",
1990-11,,"3,265.30","2,542,044.00",
1990-10,,"3,253.70","2,525,949.00",
1990-09,,"3,249.00","2,528,301.00",
1990-08,,"3,238.70","2,490,324.00",
1990-07,,"3,224.50","2,504,399.00",
1990-06,,"3,210.80","2,496,900.00",
1990-05,,"3,186.70","2,375,964.00",
1990-04,,"3,219.80","2,376,184.00",
1990-03,,"3,192.60","2,359,966.00",
1990-02,,"3,170.50","2,370,043.00",
1990-01,,"3,170.40","2,379,739.00",
1989-12,"11,949.60","3,165.60","2,419,118.00",
1989-11,,"3,136.00","2,316,284.00",
1989-10,,"3,109.30","2,294,257.00",
1989-09,,"3,086.30","2,286,376.00",
1989-08,,"3,071.10","2,269,840.00",
1989-07,,"3,055.60","2,281,877.00",
1989-06,,"3,022.60","2,259,786.00",
1989-05,,"2,996.00","2,231,284.00",
1989-04,,"3,023.20","2,223,905.00",
1989-03,,"2,999.00","2,206,061.00",
1989-02,,"2,982.60","2,200,475.00",
1989-01,,"2,998.90","2,206,076.00",
1988-12,"10,099.80","3,000.60","2,232,947.00",
1988-11,,"2,982.70","2,159,819.00",
1988-10,,"2,962.00","2,140,644.00",
1988-09,,"2,950.10","2,119,614.00",
1988-08,,"2,949.80","2,112,574.00",
1988-07,,"2,953.20","2,121,632.00",
1988-06,,"2,935.30","2,102,394.00",
1988-05,,"2,910.70","2,081,419.00",
1988-04,,"2,925.30","2,067,842.00",
1988-03,,"2,886.70","2,048,098.00",
1988-02,,"2,858.80","2,051,778.00",
1988-01,,"2,857.20","2,062,080.00",
1987-12,"8,330.90","2,838.30","2,080,922.00",
1987-11,,"2,821.60","2,019,573.00",
1987-10,,"2,811.20","1,998,287.00",
1987-09,,"2,793.30","1,989,848.00",
1987-08,,"2,787.50","1,977,508.00",
1987-07,,"2,785.20","1,979,141.00",
1987-06,,"2,773.40","1,978,993.00",
1987-05,,"2,759.70","1,958,133.00",
1987-04,,"2,778.90","1,945,622.00",
1987-03,,"2,748.00","1,934,631.00",
1987-02,,"2,735.20","1,928,710.00",
1987-01,,"2,753.50","1,935,951.00",
1986-12,"6,720.90","2,740.70","1,955,310.00",
1986-11,,"2,705.20","1,893,614.00",
1986-10,,"2,684.40","1,868,051.00",
1986-09,,"2,661.70","1,861,344.00",
1986-08,,"2,645.90","1,845,874.00",
1986-07,,"2,632.40","1,844,954.00",
1986-06,,"2,605.30","1,836,445.00",
1986-05,,"2,571.10","1,814,401.00",
1986-04,,"2,564.80","1,810,348.00",
1986-03,,"2,527.60","1,815,499.00",
1986-02,,"2,502.10","1,800,065.00",
1986-01,,"2,510.80","1,805,907.00",
1985-12,"5,198.90","2,504.10","1,833,589.00",
1985-11,,"2,482.00","1,750,081.00",
1985-10,,"2,466.30","1,738,990.00",
1985-09,,"2,452.70","1,737,336.00",
1985-08,,"2,442.50","1,720,281.00",
1985-07,,"2,434.80","1,729,206.00",
1985-06,,"2,413.40","1,726,676.00",
1985-05,,"2,376.40","1,703,110.00",
1985-04,,"2,379.70","1,706,597.00",
1985-03,,"2,360.40","1,700,498.00",
1985-02,,"2,343.40","1,696,299.00",
1985-01,,"2,339.60","1,693,243.00",
1984-12,,"2,318.50","1,710,855.00",
1984-11,,"2,286.30","1,634,801.00",
1984-10,,"2,259.70","1,623,302.00",
1984-09,,"2,242.80","1,623,248.00",
1984-08,,"2,228.90","1,596,946.00",
1984-07,,"2,228.00","1,601,634.00",
1984-06,,"2,214.30","1,590,888.00",
1984-05,,"2,191.40","1,576,865.00",
1984-04,,"2,196.00","1,567,986.00",
1984-03,,"2,169.00","1,555,115.00",
1984-02,,"2,147.70","1,556,309.00",
1984-01,,"2,145.00","1,560,794.00",
1983-12,,"2,134.00","1,579,251.00",
1983-11,,"2,117.60","1,516,045.00",
1983-10,,"2,102.10","1,500,376.00",
1983-09,,"2,081.10","1,487,292.00",
1983-08,,"2,072.50","1,482,811.00",
1983-07,,"2,069.70","1,487,081.00",
1983-06,,"2,051.80","1,474,462.00",
1983-05,,"2,031.70","1,460,615.00",
1983-04,,"2,033.70","1,450,437.00",
1983-03,,"2,009.60","1,441,222.00",
1983-02,,"1,985.80","1,444,592.00",
1983-01,,"1,963.90","1,442,306.00",
1982-12,,"1,913.80","1,449,908.00",
1982-11,,"1,890.10","1,391,951.00",
1982-10,,"1,875.60","1,378,429.00",
1982-09,,"1,859.00","1,370,312.00",
1982-08,,"1,845.90","1,358,537.00",
1982-07,,"1,835.00","1,354,396.00",
1982-06,,"1,822.70","1,348,117.00",
1982-05,,"1,804.90","1,333,498.00",
1982-04,,"1,807.90","1,321,306.00",
1982-03,,"1,781.70","1,313,237.00",
1982-02,,"1,765.30","1,308,889.00",
1982-01,,"1,772.80","1,304,501.00",
1981-12,,"1,760.30","1,308,299.00",
1981-11,,"1,741.00","1,256,082.00",
1981-10,,"1,726.40","1,239,115.00",
1981-09,,"1,706.40","1,235,503.00",
1981-08,,"1,694.60","1,222,519.00",
1981-07,,"1,685.10","1,224,131.00",
1981-06,,"1,667.10","1,224,320.00",
1981-05,,"1,655.40","1,216,320.00",
1981-04,,"1,664.50","1,201,981.00",
1981-03,,"1,633.20","1,195,068.00",
1981-02,,"1,610.50","1,191,439.00",
1981-01,,"1,610.60","1,185,788.00",
1980-12,,"1,604.80","1,198,035.00",
1980-11,,"1,599.00","1,154,240.00",
1980-10,,"1,588.50","1,128,916.00",
1980-09,,"1,573.10","1,124,085.00",
1980-08,,"1,560.70","1,117,515.00",
1980-07,,"1,549.10","1,117,561.00",
1980-06,,"1,527.40","1,112,044.00",
1980-05,,"1,504.20","1,097,620.00",
1980-04,,"1,507.70","1,092,061.00",
1980-03,,"1,497.20","1,090,055.00",
1980-02,,"1,486.30","1,080,016.00",
1980-01,,"1,486.20","1,080,273.00",
1979-12,,"1,479.00",,
1979-11,,"1,466.40",,
1979-10,,"1,463.60",,
1979-09,,"1,454.50",,
1979-08,,"1,444.30",,
1979-07,,"1,439.30",,
1979-06,,"1,422.50",,
1979-05,,"1,402.70",,
1979-04,,"1,408.40",,
1979-03,,"1,384.00",,
1979-02,,"1,369.30",,
1979-01,,"1,375.20",,
1978-12,,"1,370.80",,
1978-11,,"1,358.10",,
1978-10,,"1,355.30",,
1978-09,,"1,344.70",,
1978-08,,"1,331.40",,
1978-07,,"1,330.10",,
1978-06,,"1,319.00",,
1978-05,,"1,304.80",,
1978-04,,"1,307.40",,
1978-03,,"1,288.20",,
1978-02,,"1,276.80",,
1978-01,,"1,282.30",,
1977-12,,"1,273.00",,
1977-11,,"1,260.20",,
1977-10,,"1,255.90",,
1977-09,,"1,244.70",,
1977-08,,"1,235.30",,
1977-07,,"1,232.90",,
1977-06,,"1,219.80",,
1977-05,,"1,205.50",,
1977-04,,"1,206.60",,
1977-03,,"1,185.30",,
1977-02,,"1,169.90",,
1977-01,,"1,167.50",,
1976-12,,"1,153.50",,
1976-11,,"1,135.00",,
1976-10,,"1,125.10",,
1976-09,,"1,108.40",,
1976-08,,"1,097.30",,
1976-07,,"1,091.60",,
1976-06,,"1,080.80",,
1976-05,,"1,070.30",,
1976-04,,"1,066.90",,
1976-03,,"1,047.70",,
1976-02,,"1,034.20",,
1976-01,,"1,028.30",,
1975-12,,"1,017.80",,
1975-11,,"1,004.80",,
1975-10,,995.60,,
1975-09,,988.40,,
1975-08,,982.40,,
1975-07,,979.70,,
1975-06,,966.90,,
1975-05,,946.20,,
1975-04,,941.10,,
1975-03,,924.40,,
1975-02,,908.70,,
1975-01,,908.00,,
1974-12,,903.50,,
1974-11,,895.40,,
1974-10,,890.40,,
1974-09,,884.70,,
1974-08,,882.90,,
1974-07,,886.00,,
1974-06,,881.90,,
1974-05,,873.40,,
1974-04,,878.60,,
1974-03,,869.90,,
1974-02,,859.80,,
1974-01,,861.50,,
1973-12,,856.50,,
1973-11,,845.30,,
1973-10,,839.30,,
1973-09,,836.00,,
1973-08,,837.40,,
1973-07,,840.70,,
1973-06,,837.20,,
1973-05,,825.80,,
1973-04,,825.40,,
1973-03,,815.60,,
1973-02,,810.10,,
1973-01,,812.30,,
1972-12,,803.10,,
1972-11,,790.20,,
1972-10,,783.60,,
1972-09,,775.20,,
1972-08,,767.00,,
1972-07,,763.00,,
1972-06,,753.20,,
1972-05,,742.60,,
1972-04,,743.80,,
1972-03,,733.70,,
1972-02,,722.20,,
1972-01,,720.00,,
1971-12,,711.20,,
1971-11,,701.20,,
1971-10,,695.60,,
1971-09,,689.70,,
1971-08,,683.70,,
1971-07,,682.30,,
1971-06,,675.90,,
1971-05,,666.10,,
1971-04,,663.50,,
1971-03,,650.00,,
1971-02,,638.00,,
1971-01,,635.50,,
1970-12,,627.80,,
1970-11,,618.20,,
1970-10,,614.00,,
1970-09,,608.70,,
1970-08,,603.00,,
1970-07,,601.20,,
1970-06,,597.50,,
1970-05,,590.80,,
1970-04,,592.90,,
1970-03,,587.30,,
1970-02,,583.40,,
1970-01,,592.00,,
1969-12,,590.10,,
1969-11,,584.80,,
1969-10,,583.70,,
1969-09,,581.30,,
1969-08,,578.40,,
1969-07,,580.60,,
1969-06,,578.70,,
1969-05,,573.50,,
1969-04,,577.40,,
1969-03,,572.80,,
1969-02,,569.10,,
1969-01,,573.50,,
1968-12,,569.70,,
1968-11,,562.50,,
1968-10,,558.50,,
1968-09,,553.10,,
1968-08,,547.60,,
1968-07,,546.20,,
1968-06,,542.20,,
1968-05,,535.40,,
1968-04,,536.90,,
1968-03,,531.60,,
1968-02,,528.10,,
1968-01,,531.90,,
1967-12,,528.00,,
1967-11,,521.60,,
1967-10,,519.30,,
1967-09,,514.20,,
1967-08,,508.60,,
1967-07,,506.20,,
1967-06,,500.90,,
1967-05,,493.30,,
1967-04,,492.90,,
1967-03,,488.10,,
1967-02,,483.60,,
1967-01,,486.40,,
1966-12,,483.70,,
1966-11,,478.10,,
1966-10,,476.90,,
1966-09,,474.60,,
1966-08,,470.10,,
1966-07,,470.30,,
1966-06,,469.60,,
1966-05,,466.20,,
1966-04,,470.10,,
1966-03,,465.90,,
1966-02,,463.70,,
1966-01,,467.10,,
1965-12,,463.10,,
1965-11,,456.70,,
1965-10,,453.60,,
1965-09,,448.40,,
1965-08,,443.30,,
1965-07,,442.10,,
1965-06,,438.40,,
1965-05,,433.70,,
1965-04,,436.20,,
1965-03,,432.20,,
1965-02,,430.10,,
1965-01,,432.30,,
1964-12,,428.30,,
1964-11,,422.90,,
1964-10,,419.90,,
1964-09,,415.70,,
1964-08,,411.10,,
1964-07,,409.30,,
1964-06,,405.30,,
1964-05,,401.30,,
1964-04,,402.40,,
1964-03,,398.90,,
1964-02,,397.60,,
1964-01,,399.50,,
1963-12,,396.40,,
1963-11,,392.30,,
1963-10,,388.80,,
1963-09,,384.90,,
1963-08,,381.50,,
1963-07,,380.20,,
1963-06,,376.70,,
1963-05,,373.40,,
1963-04,,373.80,,
1963-03,,369.80,,
1963-02,,368.00,,
1963-01,,369.10,,
1962-12,,365.80,,
1962-11,,360.50,,
1962-10,,357.50,,
1962-09,,353.90,,
1962-08,,350.90,,
1962-07,,350.10,,
1962-06,,347.70,,
1962-05,,345.00,,
1962-04,,346.00,,
1962-03,,342.10,,
1962-02,,340.30,,
1962-01,,341.10,,
1961-12,,338.50,,
1961-11,,334.10,,
1961-10,,331.50,,
1961-09,,328.80,,
1961-08,,325.80,,
1961-07,,324.90,,
1961-06,,322.70,,
1961-05,,320.00,,
1961-04,,320.20,,
1961-03,,317.20,,
1961-02,,316.60,,
1961-01,,317.50,,
1960-12,,315.30,,
1960-11,,311.70,,
1960-10,,309.90,,
1960-09,,307.80,,
1960-08,,305.20,,
1960-07,,303.50,,
1960-06,,300.90,,
1960-05,,298.90,,
1960-04,,300.30,,
1960-03,,298.20,,
1960-02,,298.50,,
1960-01,,301.50,,
1959-12,,300.60,,
1959-11,,297.80,,
1959-10,,296.90,,
1959-09,,296.10,,
1959-08,,294.80,,
1959-07,,294.40,,
1959-06,,292.50,,
1959-05,,290.20,,
1959-04,,290.20,,
1959-03,,287.90,,
1959-02,,287.70,,
1959-01,,289.80,,
,,,,
数据来源：Wind,,,,